ISO-10303-21;
HEADER;
/* Generated by software containing ST-Developer
 * from STEP Tools, Inc. (www.steptools.com) 
 */

FILE_DESCRIPTION(
/* description */ (''),
/* implementation_level */ '2;1');

FILE_NAME(
/* name */ 'shell_bottom_v01.step',
/* time_stamp */ '2026-08-19T16:23:33+02:00',
/* author */ (''),
/* organization */ (''),
/* preprocessor_version */ 'ST-DEVELOPER v20.1',
/* originating_system */ 'Autodesk Translation Framework v15.8.0.0',
/* authorisation */ '');

FILE_SCHEMA (('AUTOMOTIVE_DESIGN { 1 0 10303 214 3 1 1 }'));
ENDSEC;

DATA;
#10=MECHANICAL_DESIGN_GEOMETRIC_PRESENTATION_REPRESENTATION('',(#13),#2213);
#11=SHAPE_REPRESENTATION_RELATIONSHIP('SRR','None',#2220,#12);
#12=ADVANCED_BREP_SHAPE_REPRESENTATION('',(#14),#2212);
#13=STYLED_ITEM('',(#2229),#14);
#14=MANIFOLD_SOLID_BREP('Body1',#1348);
#15=FACE_BOUND('',#154,.T.);
#16=FACE_BOUND('',#163,.T.);
#17=CYLINDRICAL_SURFACE('',#1376,1.50000000000001);
#18=CYLINDRICAL_SURFACE('',#1380,1.5);
#19=CYLINDRICAL_SURFACE('',#1384,1.5);
#20=CYLINDRICAL_SURFACE('',#1388,1.5);
#21=CYLINDRICAL_SURFACE('',#1392,1.);
#22=CYLINDRICAL_SURFACE('',#1396,2.);
#23=CYLINDRICAL_SURFACE('',#1399,2.);
#24=CYLINDRICAL_SURFACE('',#1403,1.);
#25=CYLINDRICAL_SURFACE('',#1410,2.);
#26=CYLINDRICAL_SURFACE('',#1413,2.);
#27=CYLINDRICAL_SURFACE('',#1435,1.);
#28=CYLINDRICAL_SURFACE('',#1437,1.);
#29=CYLINDRICAL_SURFACE('',#1439,1.);
#30=CYLINDRICAL_SURFACE('',#1441,1.);
#31=CIRCLE('',#1373,3.5);
#32=CIRCLE('',#1377,1.50000000000001);
#33=CIRCLE('',#1378,1.50000000000001);
#34=CIRCLE('',#1381,1.5);
#35=CIRCLE('',#1382,1.5);
#36=CIRCLE('',#1385,1.5);
#37=CIRCLE('',#1386,1.5);
#38=CIRCLE('',#1389,1.5);
#39=CIRCLE('',#1390,1.5);
#40=CIRCLE('',#1393,1.);
#41=CIRCLE('',#1394,1.);
#42=CIRCLE('',#1397,2.);
#43=CIRCLE('',#1398,2.);
#44=CIRCLE('',#1400,2.);
#45=CIRCLE('',#1401,2.);
#46=CIRCLE('',#1404,1.);
#47=CIRCLE('',#1405,1.);
#48=CIRCLE('',#1407,2.);
#49=CIRCLE('',#1408,2.);
#50=CONICAL_SURFACE('',#1371,3.5,0.785398163397448);
#51=ELLIPSE('',#1366,1.01918863336054,1.);
#52=ELLIPSE('',#1367,1.05018473320186,1.);
#53=ELLIPSE('',#1368,1.05018473320186,1.);
#54=ELLIPSE('',#1369,1.01918863336054,1.);
#55=ELLIPSE('',#1372,7.57123200737755,7.51349988469344);
#56=ELLIPSE('',#1411,2.00763967508669,2.);
#57=ELLIPSE('',#1414,2.00763967508669,2.);
#58=ELLIPSE('',#1431,1.03097311104998,1.);
#59=ELLIPSE('',#1432,1.03097311104998,1.);
#60=ELLIPSE('',#1433,1.03004931985095,1.);
#61=ELLIPSE('',#1434,1.03004931985095,1.);
#62=(
BOUNDED_CURVE()
B_SPLINE_CURVE(2,(#1844,#1845,#1846,#1847),.UNSPECIFIED.,.F.,.F.)
B_SPLINE_CURVE_WITH_KNOTS((3,1,3),(18.3299204460796,27.0997030717066,38.2881431960525),
 .UNSPECIFIED.)
CURVE()
GEOMETRIC_REPRESENTATION_ITEM()
RATIONAL_B_SPLINE_CURVE((732.981037587924,906.017093627608,1295.30653013282,
1510.31743946519))
REPRESENTATION_ITEM('')
);
#63=(
BOUNDED_CURVE()
B_SPLINE_CURVE(2,(#1913,#1914,#1915),.UNSPECIFIED.,.F.,.F.)
B_SPLINE_CURVE_WITH_KNOTS((3,3),(0.297102593361425,0.371840590278694),
 .UNSPECIFIED.)
CURVE()
GEOMETRIC_REPRESENTATION_ITEM()
RATIONAL_B_SPLINE_CURVE((1.09022679940509,1.09727234755407,1.10215299965983))
REPRESENTATION_ITEM('')
);
#64=FACE_OUTER_BOUND('',#131,.T.);
#65=FACE_OUTER_BOUND('',#132,.T.);
#66=FACE_OUTER_BOUND('',#133,.T.);
#67=FACE_OUTER_BOUND('',#134,.T.);
#68=FACE_OUTER_BOUND('',#135,.T.);
#69=FACE_OUTER_BOUND('',#136,.T.);
#70=FACE_OUTER_BOUND('',#137,.T.);
#71=FACE_OUTER_BOUND('',#138,.T.);
#72=FACE_OUTER_BOUND('',#139,.T.);
#73=FACE_OUTER_BOUND('',#140,.T.);
#74=FACE_OUTER_BOUND('',#141,.T.);
#75=FACE_OUTER_BOUND('',#142,.T.);
#76=FACE_OUTER_BOUND('',#143,.T.);
#77=FACE_OUTER_BOUND('',#144,.T.);
#78=FACE_OUTER_BOUND('',#145,.T.);
#79=FACE_OUTER_BOUND('',#146,.T.);
#80=FACE_OUTER_BOUND('',#147,.T.);
#81=FACE_OUTER_BOUND('',#148,.T.);
#82=FACE_OUTER_BOUND('',#149,.T.);
#83=FACE_OUTER_BOUND('',#150,.T.);
#84=FACE_OUTER_BOUND('',#151,.T.);
#85=FACE_OUTER_BOUND('',#152,.T.);
#86=FACE_OUTER_BOUND('',#153,.T.);
#87=FACE_OUTER_BOUND('',#155,.T.);
#88=FACE_OUTER_BOUND('',#156,.T.);
#89=FACE_OUTER_BOUND('',#157,.T.);
#90=FACE_OUTER_BOUND('',#158,.T.);
#91=FACE_OUTER_BOUND('',#159,.T.);
#92=FACE_OUTER_BOUND('',#160,.T.);
#93=FACE_OUTER_BOUND('',#161,.T.);
#94=FACE_OUTER_BOUND('',#162,.T.);
#95=FACE_OUTER_BOUND('',#164,.T.);
#96=FACE_OUTER_BOUND('',#165,.T.);
#97=FACE_OUTER_BOUND('',#166,.T.);
#98=FACE_OUTER_BOUND('',#167,.T.);
#99=FACE_OUTER_BOUND('',#168,.T.);
#100=FACE_OUTER_BOUND('',#169,.T.);
#101=FACE_OUTER_BOUND('',#170,.T.);
#102=FACE_OUTER_BOUND('',#171,.T.);
#103=FACE_OUTER_BOUND('',#172,.T.);
#104=FACE_OUTER_BOUND('',#173,.T.);
#105=FACE_OUTER_BOUND('',#174,.T.);
#106=FACE_OUTER_BOUND('',#175,.T.);
#107=FACE_OUTER_BOUND('',#176,.T.);
#108=FACE_OUTER_BOUND('',#177,.T.);
#109=FACE_OUTER_BOUND('',#178,.T.);
#110=FACE_OUTER_BOUND('',#179,.T.);
#111=FACE_OUTER_BOUND('',#180,.T.);
#112=FACE_OUTER_BOUND('',#181,.T.);
#113=FACE_OUTER_BOUND('',#182,.T.);
#114=FACE_OUTER_BOUND('',#183,.T.);
#115=FACE_OUTER_BOUND('',#184,.T.);
#116=FACE_OUTER_BOUND('',#185,.T.);
#117=FACE_OUTER_BOUND('',#186,.T.);
#118=FACE_OUTER_BOUND('',#187,.T.);
#119=FACE_OUTER_BOUND('',#188,.T.);
#120=FACE_OUTER_BOUND('',#189,.T.);
#121=FACE_OUTER_BOUND('',#190,.T.);
#122=FACE_OUTER_BOUND('',#191,.T.);
#123=FACE_OUTER_BOUND('',#192,.T.);
#124=FACE_OUTER_BOUND('',#193,.T.);
#125=FACE_OUTER_BOUND('',#194,.T.);
#126=FACE_OUTER_BOUND('',#195,.T.);
#127=FACE_OUTER_BOUND('',#196,.T.);
#128=FACE_OUTER_BOUND('',#197,.T.);
#129=FACE_OUTER_BOUND('',#198,.T.);
#130=FACE_OUTER_BOUND('',#199,.T.);
#131=EDGE_LOOP('',(#843,#844,#845,#846));
#132=EDGE_LOOP('',(#847,#848,#849,#850));
#133=EDGE_LOOP('',(#851,#852,#853,#854));
#134=EDGE_LOOP('',(#855,#856,#857,#858,#859,#860,#861,#862,#863,#864,#865,
#866,#867,#868,#869,#870,#871,#872,#873,#874,#875,#876,#877,#878,#879,#880,
#881,#882,#883,#884,#885,#886,#887));
#135=EDGE_LOOP('',(#888,#889,#890,#891));
#136=EDGE_LOOP('',(#892,#893,#894,#895,#896));
#137=EDGE_LOOP('',(#897,#898,#899,#900));
#138=EDGE_LOOP('',(#901,#902,#903,#904));
#139=EDGE_LOOP('',(#905,#906,#907,#908));
#140=EDGE_LOOP('',(#909,#910,#911,#912));
#141=EDGE_LOOP('',(#913,#914,#915,#916));
#142=EDGE_LOOP('',(#917,#918,#919,#920));
#143=EDGE_LOOP('',(#921,#922,#923,#924));
#144=EDGE_LOOP('',(#925,#926,#927,#928));
#145=EDGE_LOOP('',(#929,#930,#931,#932));
#146=EDGE_LOOP('',(#933,#934,#935,#936));
#147=EDGE_LOOP('',(#937,#938,#939,#940));
#148=EDGE_LOOP('',(#941,#942,#943,#944));
#149=EDGE_LOOP('',(#945,#946,#947,#948));
#150=EDGE_LOOP('',(#949,#950,#951,#952));
#151=EDGE_LOOP('',(#953,#954,#955,#956));
#152=EDGE_LOOP('',(#957,#958,#959,#960));
#153=EDGE_LOOP('',(#961,#962,#963,#964,#965,#966,#967,#968,#969,#970));
#154=EDGE_LOOP('',(#971,#972,#973,#974,#975,#976,#977,#978));
#155=EDGE_LOOP('',(#979,#980,#981,#982,#983,#984));
#156=EDGE_LOOP('',(#985,#986,#987,#988));
#157=EDGE_LOOP('',(#989,#990,#991,#992));
#158=EDGE_LOOP('',(#993,#994,#995,#996));
#159=EDGE_LOOP('',(#997,#998,#999,#1000,#1001,#1002,#1003,#1004));
#160=EDGE_LOOP('',(#1005,#1006,#1007,#1008));
#161=EDGE_LOOP('',(#1009,#1010,#1011,#1012));
#162=EDGE_LOOP('',(#1013,#1014,#1015,#1016,#1017,#1018,#1019,#1020,#1021,
#1022,#1023,#1024,#1025,#1026));
#163=EDGE_LOOP('',(#1027,#1028,#1029,#1030,#1031,#1032,#1033,#1034));
#164=EDGE_LOOP('',(#1035,#1036,#1037,#1038));
#165=EDGE_LOOP('',(#1039,#1040,#1041,#1042));
#166=EDGE_LOOP('',(#1043,#1044,#1045,#1046));
#167=EDGE_LOOP('',(#1047,#1048,#1049,#1050));
#168=EDGE_LOOP('',(#1051,#1052,#1053,#1054));
#169=EDGE_LOOP('',(#1055,#1056,#1057,#1058,#1059,#1060,#1061,#1062,#1063,
#1064));
#170=EDGE_LOOP('',(#1065,#1066,#1067,#1068));
#171=EDGE_LOOP('',(#1069,#1070,#1071,#1072));
#172=EDGE_LOOP('',(#1073,#1074,#1075,#1076));
#173=EDGE_LOOP('',(#1077,#1078,#1079,#1080,#1081,#1082));
#174=EDGE_LOOP('',(#1083,#1084,#1085,#1086));
#175=EDGE_LOOP('',(#1087,#1088,#1089,#1090,#1091,#1092,#1093,#1094));
#176=EDGE_LOOP('',(#1095,#1096,#1097,#1098));
#177=EDGE_LOOP('',(#1099,#1100,#1101,#1102));
#178=EDGE_LOOP('',(#1103,#1104,#1105,#1106));
#179=EDGE_LOOP('',(#1107,#1108,#1109,#1110));
#180=EDGE_LOOP('',(#1111,#1112,#1113,#1114));
#181=EDGE_LOOP('',(#1115,#1116,#1117,#1118));
#182=EDGE_LOOP('',(#1119,#1120,#1121,#1122));
#183=EDGE_LOOP('',(#1123,#1124,#1125,#1126));
#184=EDGE_LOOP('',(#1127,#1128,#1129,#1130));
#185=EDGE_LOOP('',(#1131,#1132,#1133,#1134,#1135,#1136));
#186=EDGE_LOOP('',(#1137,#1138,#1139,#1140));
#187=EDGE_LOOP('',(#1141,#1142,#1143,#1144));
#188=EDGE_LOOP('',(#1145,#1146,#1147,#1148,#1149,#1150,#1151,#1152,#1153,
#1154,#1155));
#189=EDGE_LOOP('',(#1156,#1157,#1158,#1159,#1160));
#190=EDGE_LOOP('',(#1161,#1162,#1163,#1164,#1165,#1166));
#191=EDGE_LOOP('',(#1167,#1168,#1169,#1170,#1171,#1172,#1173,#1174,#1175));
#192=EDGE_LOOP('',(#1176,#1177,#1178,#1179,#1180));
#193=EDGE_LOOP('',(#1181,#1182,#1183,#1184,#1185));
#194=EDGE_LOOP('',(#1186,#1187,#1188,#1189,#1190,#1191,#1192));
#195=EDGE_LOOP('',(#1193,#1194,#1195,#1196));
#196=EDGE_LOOP('',(#1197,#1198,#1199,#1200));
#197=EDGE_LOOP('',(#1201,#1202,#1203,#1204,#1205,#1206,#1207));
#198=EDGE_LOOP('',(#1208,#1209,#1210,#1211,#1212,#1213,#1214));
#199=EDGE_LOOP('',(#1215,#1216,#1217,#1218,#1219,#1220,#1221,#1222,#1223,
#1224,#1225,#1226,#1227,#1228));
#200=LINE('',#1820,#361);
#201=LINE('',#1822,#362);
#202=LINE('',#1824,#363);
#203=LINE('',#1825,#364);
#204=LINE('',#1828,#365);
#205=LINE('',#1830,#366);
#206=LINE('',#1831,#367);
#207=LINE('',#1834,#368);
#208=LINE('',#1836,#369);
#209=LINE('',#1837,#370);
#210=LINE('',#1840,#371);
#211=LINE('',#1842,#372);
#212=LINE('',#1849,#373);
#213=LINE('',#1851,#374);
#214=LINE('',#1853,#375);
#215=LINE('',#1855,#376);
#216=LINE('',#1859,#377);
#217=LINE('',#1863,#378);
#218=LINE('',#1867,#379);
#219=LINE('',#1871,#380);
#220=LINE('',#1873,#381);
#221=LINE('',#1875,#382);
#222=LINE('',#1877,#383);
#223=LINE('',#1879,#384);
#224=LINE('',#1881,#385);
#225=LINE('',#1883,#386);
#226=LINE('',#1885,#387);
#227=LINE('',#1887,#388);
#228=LINE('',#1889,#389);
#229=LINE('',#1891,#390);
#230=LINE('',#1893,#391);
#231=LINE('',#1895,#392);
#232=LINE('',#1897,#393);
#233=LINE('',#1899,#394);
#234=LINE('',#1901,#395);
#235=LINE('',#1903,#396);
#236=LINE('',#1904,#397);
#237=LINE('',#1907,#398);
#238=LINE('',#1909,#399);
#239=LINE('',#1910,#400);
#240=LINE('',#1919,#401);
#241=LINE('',#1923,#402);
#242=LINE('',#1925,#403);
#243=LINE('',#1926,#404);
#244=LINE('',#1930,#405);
#245=LINE('',#1932,#406);
#246=LINE('',#1934,#407);
#247=LINE('',#1935,#408);
#248=LINE('',#1941,#409);
#249=LINE('',#1944,#410);
#250=LINE('',#1946,#411);
#251=LINE('',#1947,#412);
#252=LINE('',#1953,#413);
#253=LINE('',#1956,#414);
#254=LINE('',#1958,#415);
#255=LINE('',#1959,#416);
#256=LINE('',#1965,#417);
#257=LINE('',#1968,#418);
#258=LINE('',#1970,#419);
#259=LINE('',#1971,#420);
#260=LINE('',#1978,#421);
#261=LINE('',#1980,#422);
#262=LINE('',#1982,#423);
#263=LINE('',#1983,#424);
#264=LINE('',#1989,#425);
#265=LINE('',#1992,#426);
#266=LINE('',#1994,#427);
#267=LINE('',#1995,#428);
#268=LINE('',#2003,#429);
#269=LINE('',#2007,#430);
#270=LINE('',#2009,#431);
#271=LINE('',#2010,#432);
#272=LINE('',#2018,#433);
#273=LINE('',#2022,#434);
#274=LINE('',#2024,#435);
#275=LINE('',#2026,#436);
#276=LINE('',#2028,#437);
#277=LINE('',#2029,#438);
#278=LINE('',#2032,#439);
#279=LINE('',#2036,#440);
#280=LINE('',#2037,#441);
#281=LINE('',#2042,#442);
#282=LINE('',#2044,#443);
#283=LINE('',#2045,#444);
#284=LINE('',#2048,#445);
#285=LINE('',#2050,#446);
#286=LINE('',#2051,#447);
#287=LINE('',#2054,#448);
#288=LINE('',#2056,#449);
#289=LINE('',#2057,#450);
#290=LINE('',#2060,#451);
#291=LINE('',#2061,#452);
#292=LINE('',#2064,#453);
#293=LINE('',#2065,#454);
#294=LINE('',#2068,#455);
#295=LINE('',#2070,#456);
#296=LINE('',#2071,#457);
#297=LINE('',#2074,#458);
#298=LINE('',#2076,#459);
#299=LINE('',#2077,#460);
#300=LINE('',#2080,#461);
#301=LINE('',#2082,#462);
#302=LINE('',#2083,#463);
#303=LINE('',#2086,#464);
#304=LINE('',#2088,#465);
#305=LINE('',#2089,#466);
#306=LINE('',#2092,#467);
#307=LINE('',#2094,#468);
#308=LINE('',#2095,#469);
#309=LINE('',#2098,#470);
#310=LINE('',#2099,#471);
#311=LINE('',#2102,#472);
#312=LINE('',#2104,#473);
#313=LINE('',#2105,#474);
#314=LINE('',#2108,#475);
#315=LINE('',#2110,#476);
#316=LINE('',#2111,#477);
#317=LINE('',#2114,#478);
#318=LINE('',#2115,#479);
#319=LINE('',#2119,#480);
#320=LINE('',#2120,#481);
#321=LINE('',#2121,#482);
#322=LINE('',#2128,#483);
#323=LINE('',#2132,#484);
#324=LINE('',#2135,#485);
#325=LINE('',#2137,#486);
#326=LINE('',#2139,#487);
#327=LINE('',#2141,#488);
#328=LINE('',#2143,#489);
#329=LINE('',#2145,#490);
#330=LINE('',#2147,#491);
#331=LINE('',#2151,#492);
#332=LINE('',#2152,#493);
#333=LINE('',#2155,#494);
#334=LINE('',#2156,#495);
#335=LINE('',#2158,#496);
#336=LINE('',#2161,#497);
#337=LINE('',#2163,#498);
#338=LINE('',#2164,#499);
#339=LINE('',#2167,#500);
#340=LINE('',#2168,#501);
#341=LINE('',#2171,#502);
#342=LINE('',#2172,#503);
#343=LINE('',#2175,#504);
#344=LINE('',#2176,#505);
#345=LINE('',#2179,#506);
#346=LINE('',#2180,#507);
#347=LINE('',#2183,#508);
#348=LINE('',#2184,#509);
#349=LINE('',#2187,#510);
#350=LINE('',#2188,#511);
#351=LINE('',#2191,#512);
#352=LINE('',#2192,#513);
#353=LINE('',#2195,#514);
#354=LINE('',#2196,#515);
#355=LINE('',#2199,#516);
#356=LINE('',#2200,#517);
#357=LINE('',#2203,#518);
#358=LINE('',#2204,#519);
#359=LINE('',#2206,#520);
#360=LINE('',#2208,#521);
#361=VECTOR('',#1463,10.);
#362=VECTOR('',#1464,10.);
#363=VECTOR('',#1465,10.);
#364=VECTOR('',#1466,10.);
#365=VECTOR('',#1469,10.);
#366=VECTOR('',#1470,10.);
#367=VECTOR('',#1471,10.);
#368=VECTOR('',#1474,10.);
#369=VECTOR('',#1475,10.);
#370=VECTOR('',#1476,10.);
#371=VECTOR('',#1479,10.);
#372=VECTOR('',#1480,10.);
#373=VECTOR('',#1481,10.);
#374=VECTOR('',#1482,10.);
#375=VECTOR('',#1483,10.);
#376=VECTOR('',#1484,10.);
#377=VECTOR('',#1487,10.);
#378=VECTOR('',#1490,10.);
#379=VECTOR('',#1493,10.);
#380=VECTOR('',#1496,10.);
#381=VECTOR('',#1497,10.);
#382=VECTOR('',#1498,10.);
#383=VECTOR('',#1499,10.);
#384=VECTOR('',#1500,10.);
#385=VECTOR('',#1501,10.);
#386=VECTOR('',#1502,10.);
#387=VECTOR('',#1503,10.);
#388=VECTOR('',#1504,10.);
#389=VECTOR('',#1505,10.);
#390=VECTOR('',#1506,10.);
#391=VECTOR('',#1507,10.);
#392=VECTOR('',#1508,10.);
#393=VECTOR('',#1509,10.);
#394=VECTOR('',#1510,10.);
#395=VECTOR('',#1511,10.);
#396=VECTOR('',#1512,10.);
#397=VECTOR('',#1513,10.);
#398=VECTOR('',#1516,10.);
#399=VECTOR('',#1517,10.);
#400=VECTOR('',#1518,10.);
#401=VECTOR('',#1523,10.);
#402=VECTOR('',#1528,10.);
#403=VECTOR('',#1529,10.);
#404=VECTOR('',#1530,10.);
#405=VECTOR('',#1533,10.);
#406=VECTOR('',#1534,10.);
#407=VECTOR('',#1535,10.);
#408=VECTOR('',#1536,10.);
#409=VECTOR('',#1543,10.);
#410=VECTOR('',#1546,10.);
#411=VECTOR('',#1547,10.);
#412=VECTOR('',#1548,10.);
#413=VECTOR('',#1555,10.);
#414=VECTOR('',#1558,10.);
#415=VECTOR('',#1559,10.);
#416=VECTOR('',#1560,10.);
#417=VECTOR('',#1567,10.);
#418=VECTOR('',#1570,10.);
#419=VECTOR('',#1571,10.);
#420=VECTOR('',#1572,10.);
#421=VECTOR('',#1581,10.);
#422=VECTOR('',#1582,10.);
#423=VECTOR('',#1583,10.);
#424=VECTOR('',#1584,10.);
#425=VECTOR('',#1591,10.);
#426=VECTOR('',#1594,10.);
#427=VECTOR('',#1595,10.);
#428=VECTOR('',#1596,10.);
#429=VECTOR('',#1607,10.);
#430=VECTOR('',#1612,10.);
#431=VECTOR('',#1613,10.);
#432=VECTOR('',#1614,10.);
#433=VECTOR('',#1625,10.);
#434=VECTOR('',#1630,10.);
#435=VECTOR('',#1631,10.);
#436=VECTOR('',#1632,10.);
#437=VECTOR('',#1633,10.);
#438=VECTOR('',#1634,10.);
#439=VECTOR('',#1637,10.);
#440=VECTOR('',#1642,10.);
#441=VECTOR('',#1643,10.);
#442=VECTOR('',#1650,10.);
#443=VECTOR('',#1651,10.);
#444=VECTOR('',#1652,10.);
#445=VECTOR('',#1655,10.);
#446=VECTOR('',#1656,10.);
#447=VECTOR('',#1657,10.);
#448=VECTOR('',#1660,10.);
#449=VECTOR('',#1661,10.);
#450=VECTOR('',#1662,10.);
#451=VECTOR('',#1665,10.);
#452=VECTOR('',#1666,10.);
#453=VECTOR('',#1669,10.);
#454=VECTOR('',#1670,10.);
#455=VECTOR('',#1673,10.);
#456=VECTOR('',#1674,10.);
#457=VECTOR('',#1675,10.);
#458=VECTOR('',#1678,10.);
#459=VECTOR('',#1679,10.);
#460=VECTOR('',#1680,10.);
#461=VECTOR('',#1683,10.);
#462=VECTOR('',#1684,10.);
#463=VECTOR('',#1685,10.);
#464=VECTOR('',#1688,10.);
#465=VECTOR('',#1689,10.);
#466=VECTOR('',#1690,10.);
#467=VECTOR('',#1693,10.);
#468=VECTOR('',#1694,10.);
#469=VECTOR('',#1695,10.);
#470=VECTOR('',#1698,10.);
#471=VECTOR('',#1699,10.);
#472=VECTOR('',#1702,10.);
#473=VECTOR('',#1703,10.);
#474=VECTOR('',#1704,10.);
#475=VECTOR('',#1707,10.);
#476=VECTOR('',#1708,10.);
#477=VECTOR('',#1709,10.);
#478=VECTOR('',#1712,10.);
#479=VECTOR('',#1713,10.);
#480=VECTOR('',#1716,10.);
#481=VECTOR('',#1717,10.);
#482=VECTOR('',#1718,10.);
#483=VECTOR('',#1725,10.);
#484=VECTOR('',#1728,10.);
#485=VECTOR('',#1731,10.);
#486=VECTOR('',#1734,10.);
#487=VECTOR('',#1737,10.);
#488=VECTOR('',#1740,10.);
#489=VECTOR('',#1743,10.);
#490=VECTOR('',#1746,10.);
#491=VECTOR('',#1749,10.);
#492=VECTOR('',#1754,10.);
#493=VECTOR('',#1755,10.);
#494=VECTOR('',#1758,10.);
#495=VECTOR('',#1759,10.);
#496=VECTOR('',#1762,10.);
#497=VECTOR('',#1765,10.);
#498=VECTOR('',#1766,10.);
#499=VECTOR('',#1767,10.);
#500=VECTOR('',#1770,10.);
#501=VECTOR('',#1771,10.);
#502=VECTOR('',#1774,10.);
#503=VECTOR('',#1775,10.);
#504=VECTOR('',#1778,10.);
#505=VECTOR('',#1779,10.);
#506=VECTOR('',#1782,10.);
#507=VECTOR('',#1783,10.);
#508=VECTOR('',#1786,10.);
#509=VECTOR('',#1787,10.);
#510=VECTOR('',#1790,10.);
#511=VECTOR('',#1791,10.);
#512=VECTOR('',#1794,10.);
#513=VECTOR('',#1795,10.);
#514=VECTOR('',#1798,10.);
#515=VECTOR('',#1799,10.);
#516=VECTOR('',#1802,10.);
#517=VECTOR('',#1803,10.);
#518=VECTOR('',#1806,10.);
#519=VECTOR('',#1807,10.);
#520=VECTOR('',#1810,10.);
#521=VECTOR('',#1813,10.);
#522=VERTEX_POINT('',#1818);
#523=VERTEX_POINT('',#1819);
#524=VERTEX_POINT('',#1821);
#525=VERTEX_POINT('',#1823);
#526=VERTEX_POINT('',#1827);
#527=VERTEX_POINT('',#1829);
#528=VERTEX_POINT('',#1833);
#529=VERTEX_POINT('',#1835);
#530=VERTEX_POINT('',#1839);
#531=VERTEX_POINT('',#1841);
#532=VERTEX_POINT('',#1843);
#533=VERTEX_POINT('',#1848);
#534=VERTEX_POINT('',#1850);
#535=VERTEX_POINT('',#1852);
#536=VERTEX_POINT('',#1854);
#537=VERTEX_POINT('',#1856);
#538=VERTEX_POINT('',#1858);
#539=VERTEX_POINT('',#1860);
#540=VERTEX_POINT('',#1862);
#541=VERTEX_POINT('',#1864);
#542=VERTEX_POINT('',#1866);
#543=VERTEX_POINT('',#1868);
#544=VERTEX_POINT('',#1870);
#545=VERTEX_POINT('',#1872);
#546=VERTEX_POINT('',#1874);
#547=VERTEX_POINT('',#1876);
#548=VERTEX_POINT('',#1878);
#549=VERTEX_POINT('',#1880);
#550=VERTEX_POINT('',#1882);
#551=VERTEX_POINT('',#1884);
#552=VERTEX_POINT('',#1886);
#553=VERTEX_POINT('',#1888);
#554=VERTEX_POINT('',#1890);
#555=VERTEX_POINT('',#1892);
#556=VERTEX_POINT('',#1894);
#557=VERTEX_POINT('',#1896);
#558=VERTEX_POINT('',#1898);
#559=VERTEX_POINT('',#1900);
#560=VERTEX_POINT('',#1902);
#561=VERTEX_POINT('',#1906);
#562=VERTEX_POINT('',#1908);
#563=VERTEX_POINT('',#1912);
#564=VERTEX_POINT('',#1916);
#565=VERTEX_POINT('',#1918);
#566=VERTEX_POINT('',#1922);
#567=VERTEX_POINT('',#1924);
#568=VERTEX_POINT('',#1928);
#569=VERTEX_POINT('',#1929);
#570=VERTEX_POINT('',#1931);
#571=VERTEX_POINT('',#1933);
#572=VERTEX_POINT('',#1937);
#573=VERTEX_POINT('',#1939);
#574=VERTEX_POINT('',#1943);
#575=VERTEX_POINT('',#1945);
#576=VERTEX_POINT('',#1949);
#577=VERTEX_POINT('',#1951);
#578=VERTEX_POINT('',#1955);
#579=VERTEX_POINT('',#1957);
#580=VERTEX_POINT('',#1961);
#581=VERTEX_POINT('',#1963);
#582=VERTEX_POINT('',#1967);
#583=VERTEX_POINT('',#1969);
#584=VERTEX_POINT('',#1976);
#585=VERTEX_POINT('',#1977);
#586=VERTEX_POINT('',#1979);
#587=VERTEX_POINT('',#1981);
#588=VERTEX_POINT('',#1985);
#589=VERTEX_POINT('',#1987);
#590=VERTEX_POINT('',#1991);
#591=VERTEX_POINT('',#1993);
#592=VERTEX_POINT('',#2000);
#593=VERTEX_POINT('',#2002);
#594=VERTEX_POINT('',#2006);
#595=VERTEX_POINT('',#2008);
#596=VERTEX_POINT('',#2015);
#597=VERTEX_POINT('',#2017);
#598=VERTEX_POINT('',#2021);
#599=VERTEX_POINT('',#2023);
#600=VERTEX_POINT('',#2025);
#601=VERTEX_POINT('',#2027);
#602=VERTEX_POINT('',#2031);
#603=VERTEX_POINT('',#2035);
#604=VERTEX_POINT('',#2041);
#605=VERTEX_POINT('',#2043);
#606=VERTEX_POINT('',#2047);
#607=VERTEX_POINT('',#2049);
#608=VERTEX_POINT('',#2053);
#609=VERTEX_POINT('',#2055);
#610=VERTEX_POINT('',#2059);
#611=VERTEX_POINT('',#2063);
#612=VERTEX_POINT('',#2067);
#613=VERTEX_POINT('',#2069);
#614=VERTEX_POINT('',#2073);
#615=VERTEX_POINT('',#2075);
#616=VERTEX_POINT('',#2079);
#617=VERTEX_POINT('',#2081);
#618=VERTEX_POINT('',#2085);
#619=VERTEX_POINT('',#2087);
#620=VERTEX_POINT('',#2091);
#621=VERTEX_POINT('',#2093);
#622=VERTEX_POINT('',#2097);
#623=VERTEX_POINT('',#2101);
#624=VERTEX_POINT('',#2103);
#625=VERTEX_POINT('',#2107);
#626=VERTEX_POINT('',#2109);
#627=VERTEX_POINT('',#2113);
#628=VERTEX_POINT('',#2117);
#629=VERTEX_POINT('',#2118);
#630=VERTEX_POINT('',#2123);
#631=VERTEX_POINT('',#2125);
#632=VERTEX_POINT('',#2127);
#633=VERTEX_POINT('',#2129);
#634=VERTEX_POINT('',#2131);
#635=VERTEX_POINT('',#2133);
#636=VERTEX_POINT('',#2150);
#637=VERTEX_POINT('',#2154);
#638=VERTEX_POINT('',#2160);
#639=VERTEX_POINT('',#2162);
#640=VERTEX_POINT('',#2166);
#641=VERTEX_POINT('',#2170);
#642=VERTEX_POINT('',#2174);
#643=VERTEX_POINT('',#2178);
#644=VERTEX_POINT('',#2182);
#645=VERTEX_POINT('',#2186);
#646=VERTEX_POINT('',#2190);
#647=VERTEX_POINT('',#2194);
#648=VERTEX_POINT('',#2198);
#649=VERTEX_POINT('',#2202);
#650=EDGE_CURVE('',#522,#523,#200,.T.);
#651=EDGE_CURVE('',#524,#523,#201,.T.);
#652=EDGE_CURVE('',#525,#524,#202,.T.);
#653=EDGE_CURVE('',#525,#522,#203,.T.);
#654=EDGE_CURVE('',#523,#526,#204,.T.);
#655=EDGE_CURVE('',#527,#526,#205,.T.);
#656=EDGE_CURVE('',#524,#527,#206,.T.);
#657=EDGE_CURVE('',#528,#522,#207,.T.);
#658=EDGE_CURVE('',#529,#525,#208,.T.);
#659=EDGE_CURVE('',#528,#529,#209,.T.);
#660=EDGE_CURVE('',#530,#526,#210,.T.);
#661=EDGE_CURVE('',#530,#531,#211,.T.);
#662=EDGE_CURVE('',#532,#531,#62,.F.);
#663=EDGE_CURVE('',#532,#533,#212,.T.);
#664=EDGE_CURVE('',#534,#533,#213,.T.);
#665=EDGE_CURVE('',#534,#535,#214,.T.);
#666=EDGE_CURVE('',#536,#535,#215,.T.);
#667=EDGE_CURVE('',#537,#536,#51,.T.);
#668=EDGE_CURVE('',#538,#537,#216,.T.);
#669=EDGE_CURVE('',#539,#538,#52,.T.);
#670=EDGE_CURVE('',#540,#539,#217,.T.);
#671=EDGE_CURVE('',#541,#540,#53,.T.);
#672=EDGE_CURVE('',#542,#541,#218,.T.);
#673=EDGE_CURVE('',#543,#542,#54,.T.);
#674=EDGE_CURVE('',#544,#543,#219,.T.);
#675=EDGE_CURVE('',#545,#544,#220,.T.);
#676=EDGE_CURVE('',#546,#545,#221,.T.);
#677=EDGE_CURVE('',#546,#547,#222,.T.);
#678=EDGE_CURVE('',#547,#548,#223,.T.);
#679=EDGE_CURVE('',#548,#549,#224,.T.);
#680=EDGE_CURVE('',#549,#550,#225,.T.);
#681=EDGE_CURVE('',#550,#551,#226,.T.);
#682=EDGE_CURVE('',#551,#552,#227,.T.);
#683=EDGE_CURVE('',#552,#553,#228,.T.);
#684=EDGE_CURVE('',#553,#554,#229,.T.);
#685=EDGE_CURVE('',#554,#555,#230,.T.);
#686=EDGE_CURVE('',#555,#556,#231,.T.);
#687=EDGE_CURVE('',#556,#557,#232,.T.);
#688=EDGE_CURVE('',#557,#558,#233,.T.);
#689=EDGE_CURVE('',#558,#559,#234,.T.);
#690=EDGE_CURVE('',#559,#560,#235,.T.);
#691=EDGE_CURVE('',#527,#560,#236,.T.);
#692=EDGE_CURVE('',#561,#529,#237,.T.);
#693=EDGE_CURVE('',#561,#562,#238,.T.);
#694=EDGE_CURVE('',#528,#562,#239,.T.);
#695=EDGE_CURVE('',#563,#531,#63,.T.);
#696=EDGE_CURVE('',#564,#563,#55,.F.);
#697=EDGE_CURVE('',#565,#564,#240,.T.);
#698=EDGE_CURVE('',#532,#565,#31,.T.);
#699=EDGE_CURVE('',#566,#564,#241,.F.);
#700=EDGE_CURVE('',#567,#566,#242,.T.);
#701=EDGE_CURVE('',#565,#567,#243,.T.);
#702=EDGE_CURVE('',#568,#569,#244,.T.);
#703=EDGE_CURVE('',#568,#570,#245,.T.);
#704=EDGE_CURVE('',#571,#570,#246,.T.);
#705=EDGE_CURVE('',#569,#571,#247,.T.);
#706=EDGE_CURVE('',#569,#572,#32,.T.);
#707=EDGE_CURVE('',#573,#571,#33,.T.);
#708=EDGE_CURVE('',#572,#573,#248,.T.);
#709=EDGE_CURVE('',#572,#574,#249,.T.);
#710=EDGE_CURVE('',#575,#573,#250,.T.);
#711=EDGE_CURVE('',#574,#575,#251,.T.);
#712=EDGE_CURVE('',#574,#576,#34,.T.);
#713=EDGE_CURVE('',#577,#575,#35,.T.);
#714=EDGE_CURVE('',#576,#577,#252,.T.);
#715=EDGE_CURVE('',#576,#578,#253,.T.);
#716=EDGE_CURVE('',#579,#577,#254,.T.);
#717=EDGE_CURVE('',#578,#579,#255,.T.);
#718=EDGE_CURVE('',#578,#580,#36,.T.);
#719=EDGE_CURVE('',#581,#579,#37,.T.);
#720=EDGE_CURVE('',#580,#581,#256,.T.);
#721=EDGE_CURVE('',#580,#582,#257,.T.);
#722=EDGE_CURVE('',#583,#581,#258,.T.);
#723=EDGE_CURVE('',#582,#583,#259,.T.);
#724=EDGE_CURVE('',#582,#568,#38,.T.);
#725=EDGE_CURVE('',#570,#583,#39,.T.);
#726=EDGE_CURVE('',#584,#585,#260,.T.);
#727=EDGE_CURVE('',#585,#586,#261,.T.);
#728=EDGE_CURVE('',#587,#586,#262,.T.);
#729=EDGE_CURVE('',#584,#587,#263,.T.);
#730=EDGE_CURVE('',#584,#588,#40,.T.);
#731=EDGE_CURVE('',#589,#587,#41,.T.);
#732=EDGE_CURVE('',#588,#589,#264,.T.);
#733=EDGE_CURVE('',#590,#588,#265,.T.);
#734=EDGE_CURVE('',#591,#589,#266,.T.);
#735=EDGE_CURVE('',#590,#591,#267,.T.);
#736=EDGE_CURVE('',#590,#533,#42,.T.);
#737=EDGE_CURVE('',#534,#591,#43,.T.);
#738=EDGE_CURVE('',#592,#545,#44,.T.);
#739=EDGE_CURVE('',#593,#592,#268,.T.);
#740=EDGE_CURVE('',#546,#593,#45,.T.);
#741=EDGE_CURVE('',#594,#593,#269,.T.);
#742=EDGE_CURVE('',#595,#592,#270,.T.);
#743=EDGE_CURVE('',#594,#595,#271,.T.);
#744=EDGE_CURVE('',#594,#585,#46,.T.);
#745=EDGE_CURVE('',#586,#595,#47,.T.);
#746=EDGE_CURVE('',#545,#596,#48,.T.);
#747=EDGE_CURVE('',#596,#597,#272,.T.);
#748=EDGE_CURVE('',#597,#534,#49,.T.);
#749=EDGE_CURVE('',#598,#567,#273,.T.);
#750=EDGE_CURVE('',#599,#566,#274,.T.);
#751=EDGE_CURVE('',#600,#599,#275,.T.);
#752=EDGE_CURVE('',#601,#600,#276,.T.);
#753=EDGE_CURVE('',#601,#598,#277,.T.);
#754=EDGE_CURVE('',#597,#602,#278,.T.);
#755=EDGE_CURVE('',#535,#602,#56,.T.);
#756=EDGE_CURVE('',#596,#603,#279,.T.);
#757=EDGE_CURVE('',#602,#603,#280,.T.);
#758=EDGE_CURVE('',#603,#544,#57,.T.);
#759=EDGE_CURVE('',#604,#543,#281,.T.);
#760=EDGE_CURVE('',#605,#604,#282,.T.);
#761=EDGE_CURVE('',#536,#605,#283,.T.);
#762=EDGE_CURVE('',#606,#561,#284,.T.);
#763=EDGE_CURVE('',#606,#607,#285,.T.);
#764=EDGE_CURVE('',#562,#607,#286,.T.);
#765=EDGE_CURVE('',#608,#606,#287,.T.);
#766=EDGE_CURVE('',#609,#608,#288,.T.);
#767=EDGE_CURVE('',#607,#609,#289,.T.);
#768=EDGE_CURVE('',#598,#610,#290,.T.);
#769=EDGE_CURVE('',#547,#610,#291,.T.);
#770=EDGE_CURVE('',#611,#601,#292,.T.);
#771=EDGE_CURVE('',#610,#611,#293,.T.);
#772=EDGE_CURVE('',#612,#556,#294,.T.);
#773=EDGE_CURVE('',#612,#613,#295,.T.);
#774=EDGE_CURVE('',#557,#613,#296,.T.);
#775=EDGE_CURVE('',#614,#612,#297,.T.);
#776=EDGE_CURVE('',#615,#614,#298,.T.);
#777=EDGE_CURVE('',#613,#615,#299,.T.);
#778=EDGE_CURVE('',#616,#551,#300,.T.);
#779=EDGE_CURVE('',#616,#617,#301,.T.);
#780=EDGE_CURVE('',#552,#617,#302,.T.);
#781=EDGE_CURVE('',#618,#616,#303,.T.);
#782=EDGE_CURVE('',#619,#618,#304,.T.);
#783=EDGE_CURVE('',#617,#619,#305,.T.);
#784=EDGE_CURVE('',#609,#620,#306,.T.);
#785=EDGE_CURVE('',#620,#621,#307,.F.);
#786=EDGE_CURVE('',#530,#621,#308,.T.);
#787=EDGE_CURVE('',#622,#600,#309,.T.);
#788=EDGE_CURVE('',#611,#622,#310,.T.);
#789=EDGE_CURVE('',#614,#623,#311,.T.);
#790=EDGE_CURVE('',#624,#623,#312,.T.);
#791=EDGE_CURVE('',#615,#624,#313,.T.);
#792=EDGE_CURVE('',#618,#625,#314,.T.);
#793=EDGE_CURVE('',#626,#625,#315,.T.);
#794=EDGE_CURVE('',#619,#626,#316,.T.);
#795=EDGE_CURVE('',#627,#550,#317,.T.);
#796=EDGE_CURVE('',#625,#627,#318,.T.);
#797=EDGE_CURVE('',#628,#629,#319,.T.);
#798=EDGE_CURVE('',#624,#628,#320,.F.);
#799=EDGE_CURVE('',#623,#629,#321,.T.);
#800=EDGE_CURVE('',#605,#630,#58,.T.);
#801=EDGE_CURVE('',#631,#604,#59,.T.);
#802=EDGE_CURVE('',#631,#632,#322,.T.);
#803=EDGE_CURVE('',#633,#632,#60,.T.);
#804=EDGE_CURVE('',#634,#633,#323,.T.);
#805=EDGE_CURVE('',#635,#634,#61,.T.);
#806=EDGE_CURVE('',#630,#635,#324,.F.);
#807=EDGE_CURVE('',#542,#631,#325,.T.);
#808=EDGE_CURVE('',#632,#541,#326,.T.);
#809=EDGE_CURVE('',#540,#633,#327,.T.);
#810=EDGE_CURVE('',#634,#539,#328,.T.);
#811=EDGE_CURVE('',#538,#635,#329,.T.);
#812=EDGE_CURVE('',#630,#537,#330,.T.);
#813=EDGE_CURVE('',#608,#636,#331,.T.);
#814=EDGE_CURVE('',#620,#636,#332,.T.);
#815=EDGE_CURVE('',#622,#637,#333,.F.);
#816=EDGE_CURVE('',#637,#599,#334,.F.);
#817=EDGE_CURVE('',#548,#637,#335,.T.);
#818=EDGE_CURVE('',#558,#638,#336,.T.);
#819=EDGE_CURVE('',#639,#638,#337,.T.);
#820=EDGE_CURVE('',#559,#639,#338,.F.);
#821=EDGE_CURVE('',#640,#639,#339,.F.);
#822=EDGE_CURVE('',#640,#560,#340,.T.);
#823=EDGE_CURVE('',#641,#640,#341,.T.);
#824=EDGE_CURVE('',#636,#641,#342,.T.);
#825=EDGE_CURVE('',#642,#641,#343,.T.);
#826=EDGE_CURVE('',#621,#642,#344,.F.);
#827=EDGE_CURVE('',#643,#642,#345,.F.);
#828=EDGE_CURVE('',#563,#643,#346,.T.);
#829=EDGE_CURVE('',#643,#644,#347,.F.);
#830=EDGE_CURVE('',#549,#644,#348,.T.);
#831=EDGE_CURVE('',#644,#645,#349,.F.);
#832=EDGE_CURVE('',#645,#627,#350,.F.);
#833=EDGE_CURVE('',#645,#646,#351,.T.);
#834=EDGE_CURVE('',#626,#646,#352,.F.);
#835=EDGE_CURVE('',#646,#647,#353,.T.);
#836=EDGE_CURVE('',#553,#647,#354,.T.);
#837=EDGE_CURVE('',#647,#648,#355,.F.);
#838=EDGE_CURVE('',#648,#554,#356,.T.);
#839=EDGE_CURVE('',#649,#648,#357,.T.);
#840=EDGE_CURVE('',#649,#555,#358,.T.);
#841=EDGE_CURVE('',#629,#649,#359,.T.);
#842=EDGE_CURVE('',#638,#628,#360,.T.);
#843=ORIENTED_EDGE('',*,*,#650,.T.);
#844=ORIENTED_EDGE('',*,*,#651,.F.);
#845=ORIENTED_EDGE('',*,*,#652,.F.);
#846=ORIENTED_EDGE('',*,*,#653,.T.);
#847=ORIENTED_EDGE('',*,*,#654,.T.);
#848=ORIENTED_EDGE('',*,*,#655,.F.);
#849=ORIENTED_EDGE('',*,*,#656,.F.);
#850=ORIENTED_EDGE('',*,*,#651,.T.);
#851=ORIENTED_EDGE('',*,*,#657,.T.);
#852=ORIENTED_EDGE('',*,*,#653,.F.);
#853=ORIENTED_EDGE('',*,*,#658,.F.);
#854=ORIENTED_EDGE('',*,*,#659,.F.);
#855=ORIENTED_EDGE('',*,*,#655,.T.);
#856=ORIENTED_EDGE('',*,*,#660,.F.);
#857=ORIENTED_EDGE('',*,*,#661,.T.);
#858=ORIENTED_EDGE('',*,*,#662,.F.);
#859=ORIENTED_EDGE('',*,*,#663,.T.);
#860=ORIENTED_EDGE('',*,*,#664,.F.);
#861=ORIENTED_EDGE('',*,*,#665,.T.);
#862=ORIENTED_EDGE('',*,*,#666,.F.);
#863=ORIENTED_EDGE('',*,*,#667,.F.);
#864=ORIENTED_EDGE('',*,*,#668,.F.);
#865=ORIENTED_EDGE('',*,*,#669,.F.);
#866=ORIENTED_EDGE('',*,*,#670,.F.);
#867=ORIENTED_EDGE('',*,*,#671,.F.);
#868=ORIENTED_EDGE('',*,*,#672,.F.);
#869=ORIENTED_EDGE('',*,*,#673,.F.);
#870=ORIENTED_EDGE('',*,*,#674,.F.);
#871=ORIENTED_EDGE('',*,*,#675,.F.);
#872=ORIENTED_EDGE('',*,*,#676,.F.);
#873=ORIENTED_EDGE('',*,*,#677,.T.);
#874=ORIENTED_EDGE('',*,*,#678,.T.);
#875=ORIENTED_EDGE('',*,*,#679,.T.);
#876=ORIENTED_EDGE('',*,*,#680,.T.);
#877=ORIENTED_EDGE('',*,*,#681,.T.);
#878=ORIENTED_EDGE('',*,*,#682,.T.);
#879=ORIENTED_EDGE('',*,*,#683,.T.);
#880=ORIENTED_EDGE('',*,*,#684,.T.);
#881=ORIENTED_EDGE('',*,*,#685,.T.);
#882=ORIENTED_EDGE('',*,*,#686,.T.);
#883=ORIENTED_EDGE('',*,*,#687,.T.);
#884=ORIENTED_EDGE('',*,*,#688,.T.);
#885=ORIENTED_EDGE('',*,*,#689,.T.);
#886=ORIENTED_EDGE('',*,*,#690,.T.);
#887=ORIENTED_EDGE('',*,*,#691,.F.);
#888=ORIENTED_EDGE('',*,*,#659,.T.);
#889=ORIENTED_EDGE('',*,*,#692,.F.);
#890=ORIENTED_EDGE('',*,*,#693,.T.);
#891=ORIENTED_EDGE('',*,*,#694,.F.);
#892=ORIENTED_EDGE('',*,*,#695,.F.);
#893=ORIENTED_EDGE('',*,*,#696,.F.);
#894=ORIENTED_EDGE('',*,*,#697,.F.);
#895=ORIENTED_EDGE('',*,*,#698,.F.);
#896=ORIENTED_EDGE('',*,*,#662,.T.);
#897=ORIENTED_EDGE('',*,*,#699,.F.);
#898=ORIENTED_EDGE('',*,*,#700,.F.);
#899=ORIENTED_EDGE('',*,*,#701,.F.);
#900=ORIENTED_EDGE('',*,*,#697,.T.);
#901=ORIENTED_EDGE('',*,*,#702,.F.);
#902=ORIENTED_EDGE('',*,*,#703,.T.);
#903=ORIENTED_EDGE('',*,*,#704,.F.);
#904=ORIENTED_EDGE('',*,*,#705,.F.);
#905=ORIENTED_EDGE('',*,*,#706,.F.);
#906=ORIENTED_EDGE('',*,*,#705,.T.);
#907=ORIENTED_EDGE('',*,*,#707,.F.);
#908=ORIENTED_EDGE('',*,*,#708,.F.);
#909=ORIENTED_EDGE('',*,*,#709,.F.);
#910=ORIENTED_EDGE('',*,*,#708,.T.);
#911=ORIENTED_EDGE('',*,*,#710,.F.);
#912=ORIENTED_EDGE('',*,*,#711,.F.);
#913=ORIENTED_EDGE('',*,*,#712,.F.);
#914=ORIENTED_EDGE('',*,*,#711,.T.);
#915=ORIENTED_EDGE('',*,*,#713,.F.);
#916=ORIENTED_EDGE('',*,*,#714,.F.);
#917=ORIENTED_EDGE('',*,*,#715,.F.);
#918=ORIENTED_EDGE('',*,*,#714,.T.);
#919=ORIENTED_EDGE('',*,*,#716,.F.);
#920=ORIENTED_EDGE('',*,*,#717,.F.);
#921=ORIENTED_EDGE('',*,*,#718,.F.);
#922=ORIENTED_EDGE('',*,*,#717,.T.);
#923=ORIENTED_EDGE('',*,*,#719,.F.);
#924=ORIENTED_EDGE('',*,*,#720,.F.);
#925=ORIENTED_EDGE('',*,*,#721,.F.);
#926=ORIENTED_EDGE('',*,*,#720,.T.);
#927=ORIENTED_EDGE('',*,*,#722,.F.);
#928=ORIENTED_EDGE('',*,*,#723,.F.);
#929=ORIENTED_EDGE('',*,*,#724,.F.);
#930=ORIENTED_EDGE('',*,*,#723,.T.);
#931=ORIENTED_EDGE('',*,*,#725,.F.);
#932=ORIENTED_EDGE('',*,*,#703,.F.);
#933=ORIENTED_EDGE('',*,*,#726,.T.);
#934=ORIENTED_EDGE('',*,*,#727,.T.);
#935=ORIENTED_EDGE('',*,*,#728,.F.);
#936=ORIENTED_EDGE('',*,*,#729,.F.);
#937=ORIENTED_EDGE('',*,*,#730,.F.);
#938=ORIENTED_EDGE('',*,*,#729,.T.);
#939=ORIENTED_EDGE('',*,*,#731,.F.);
#940=ORIENTED_EDGE('',*,*,#732,.F.);
#941=ORIENTED_EDGE('',*,*,#733,.T.);
#942=ORIENTED_EDGE('',*,*,#732,.T.);
#943=ORIENTED_EDGE('',*,*,#734,.F.);
#944=ORIENTED_EDGE('',*,*,#735,.F.);
#945=ORIENTED_EDGE('',*,*,#664,.T.);
#946=ORIENTED_EDGE('',*,*,#736,.F.);
#947=ORIENTED_EDGE('',*,*,#735,.T.);
#948=ORIENTED_EDGE('',*,*,#737,.F.);
#949=ORIENTED_EDGE('',*,*,#676,.T.);
#950=ORIENTED_EDGE('',*,*,#738,.F.);
#951=ORIENTED_EDGE('',*,*,#739,.F.);
#952=ORIENTED_EDGE('',*,*,#740,.F.);
#953=ORIENTED_EDGE('',*,*,#741,.T.);
#954=ORIENTED_EDGE('',*,*,#739,.T.);
#955=ORIENTED_EDGE('',*,*,#742,.F.);
#956=ORIENTED_EDGE('',*,*,#743,.F.);
#957=ORIENTED_EDGE('',*,*,#744,.F.);
#958=ORIENTED_EDGE('',*,*,#743,.T.);
#959=ORIENTED_EDGE('',*,*,#745,.F.);
#960=ORIENTED_EDGE('',*,*,#727,.F.);
#961=ORIENTED_EDGE('',*,*,#745,.T.);
#962=ORIENTED_EDGE('',*,*,#742,.T.);
#963=ORIENTED_EDGE('',*,*,#738,.T.);
#964=ORIENTED_EDGE('',*,*,#746,.T.);
#965=ORIENTED_EDGE('',*,*,#747,.T.);
#966=ORIENTED_EDGE('',*,*,#748,.T.);
#967=ORIENTED_EDGE('',*,*,#737,.T.);
#968=ORIENTED_EDGE('',*,*,#734,.T.);
#969=ORIENTED_EDGE('',*,*,#731,.T.);
#970=ORIENTED_EDGE('',*,*,#728,.T.);
#971=ORIENTED_EDGE('',*,*,#725,.T.);
#972=ORIENTED_EDGE('',*,*,#722,.T.);
#973=ORIENTED_EDGE('',*,*,#719,.T.);
#974=ORIENTED_EDGE('',*,*,#716,.T.);
#975=ORIENTED_EDGE('',*,*,#713,.T.);
#976=ORIENTED_EDGE('',*,*,#710,.T.);
#977=ORIENTED_EDGE('',*,*,#707,.T.);
#978=ORIENTED_EDGE('',*,*,#704,.T.);
#979=ORIENTED_EDGE('',*,*,#749,.T.);
#980=ORIENTED_EDGE('',*,*,#700,.T.);
#981=ORIENTED_EDGE('',*,*,#750,.F.);
#982=ORIENTED_EDGE('',*,*,#751,.F.);
#983=ORIENTED_EDGE('',*,*,#752,.F.);
#984=ORIENTED_EDGE('',*,*,#753,.T.);
#985=ORIENTED_EDGE('',*,*,#754,.T.);
#986=ORIENTED_EDGE('',*,*,#755,.F.);
#987=ORIENTED_EDGE('',*,*,#665,.F.);
#988=ORIENTED_EDGE('',*,*,#748,.F.);
#989=ORIENTED_EDGE('',*,*,#756,.T.);
#990=ORIENTED_EDGE('',*,*,#757,.F.);
#991=ORIENTED_EDGE('',*,*,#754,.F.);
#992=ORIENTED_EDGE('',*,*,#747,.F.);
#993=ORIENTED_EDGE('',*,*,#675,.T.);
#994=ORIENTED_EDGE('',*,*,#758,.F.);
#995=ORIENTED_EDGE('',*,*,#756,.F.);
#996=ORIENTED_EDGE('',*,*,#746,.F.);
#997=ORIENTED_EDGE('',*,*,#755,.T.);
#998=ORIENTED_EDGE('',*,*,#757,.T.);
#999=ORIENTED_EDGE('',*,*,#758,.T.);
#1000=ORIENTED_EDGE('',*,*,#674,.T.);
#1001=ORIENTED_EDGE('',*,*,#759,.F.);
#1002=ORIENTED_EDGE('',*,*,#760,.F.);
#1003=ORIENTED_EDGE('',*,*,#761,.F.);
#1004=ORIENTED_EDGE('',*,*,#666,.T.);
#1005=ORIENTED_EDGE('',*,*,#693,.F.);
#1006=ORIENTED_EDGE('',*,*,#762,.F.);
#1007=ORIENTED_EDGE('',*,*,#763,.T.);
#1008=ORIENTED_EDGE('',*,*,#764,.F.);
#1009=ORIENTED_EDGE('',*,*,#765,.F.);
#1010=ORIENTED_EDGE('',*,*,#766,.F.);
#1011=ORIENTED_EDGE('',*,*,#767,.F.);
#1012=ORIENTED_EDGE('',*,*,#763,.F.);
#1013=ORIENTED_EDGE('',*,*,#677,.F.);
#1014=ORIENTED_EDGE('',*,*,#740,.T.);
#1015=ORIENTED_EDGE('',*,*,#741,.F.);
#1016=ORIENTED_EDGE('',*,*,#744,.T.);
#1017=ORIENTED_EDGE('',*,*,#726,.F.);
#1018=ORIENTED_EDGE('',*,*,#730,.T.);
#1019=ORIENTED_EDGE('',*,*,#733,.F.);
#1020=ORIENTED_EDGE('',*,*,#736,.T.);
#1021=ORIENTED_EDGE('',*,*,#663,.F.);
#1022=ORIENTED_EDGE('',*,*,#698,.T.);
#1023=ORIENTED_EDGE('',*,*,#701,.T.);
#1024=ORIENTED_EDGE('',*,*,#749,.F.);
#1025=ORIENTED_EDGE('',*,*,#768,.T.);
#1026=ORIENTED_EDGE('',*,*,#769,.F.);
#1027=ORIENTED_EDGE('',*,*,#724,.T.);
#1028=ORIENTED_EDGE('',*,*,#702,.T.);
#1029=ORIENTED_EDGE('',*,*,#706,.T.);
#1030=ORIENTED_EDGE('',*,*,#709,.T.);
#1031=ORIENTED_EDGE('',*,*,#712,.T.);
#1032=ORIENTED_EDGE('',*,*,#715,.T.);
#1033=ORIENTED_EDGE('',*,*,#718,.T.);
#1034=ORIENTED_EDGE('',*,*,#721,.T.);
#1035=ORIENTED_EDGE('',*,*,#753,.F.);
#1036=ORIENTED_EDGE('',*,*,#770,.F.);
#1037=ORIENTED_EDGE('',*,*,#771,.F.);
#1038=ORIENTED_EDGE('',*,*,#768,.F.);
#1039=ORIENTED_EDGE('',*,*,#687,.F.);
#1040=ORIENTED_EDGE('',*,*,#772,.F.);
#1041=ORIENTED_EDGE('',*,*,#773,.T.);
#1042=ORIENTED_EDGE('',*,*,#774,.F.);
#1043=ORIENTED_EDGE('',*,*,#775,.F.);
#1044=ORIENTED_EDGE('',*,*,#776,.F.);
#1045=ORIENTED_EDGE('',*,*,#777,.F.);
#1046=ORIENTED_EDGE('',*,*,#773,.F.);
#1047=ORIENTED_EDGE('',*,*,#682,.F.);
#1048=ORIENTED_EDGE('',*,*,#778,.F.);
#1049=ORIENTED_EDGE('',*,*,#779,.T.);
#1050=ORIENTED_EDGE('',*,*,#780,.F.);
#1051=ORIENTED_EDGE('',*,*,#781,.F.);
#1052=ORIENTED_EDGE('',*,*,#782,.F.);
#1053=ORIENTED_EDGE('',*,*,#783,.F.);
#1054=ORIENTED_EDGE('',*,*,#779,.F.);
#1055=ORIENTED_EDGE('',*,*,#764,.T.);
#1056=ORIENTED_EDGE('',*,*,#767,.T.);
#1057=ORIENTED_EDGE('',*,*,#784,.T.);
#1058=ORIENTED_EDGE('',*,*,#785,.T.);
#1059=ORIENTED_EDGE('',*,*,#786,.F.);
#1060=ORIENTED_EDGE('',*,*,#660,.T.);
#1061=ORIENTED_EDGE('',*,*,#654,.F.);
#1062=ORIENTED_EDGE('',*,*,#650,.F.);
#1063=ORIENTED_EDGE('',*,*,#657,.F.);
#1064=ORIENTED_EDGE('',*,*,#694,.T.);
#1065=ORIENTED_EDGE('',*,*,#770,.T.);
#1066=ORIENTED_EDGE('',*,*,#752,.T.);
#1067=ORIENTED_EDGE('',*,*,#787,.F.);
#1068=ORIENTED_EDGE('',*,*,#788,.F.);
#1069=ORIENTED_EDGE('',*,*,#776,.T.);
#1070=ORIENTED_EDGE('',*,*,#789,.T.);
#1071=ORIENTED_EDGE('',*,*,#790,.F.);
#1072=ORIENTED_EDGE('',*,*,#791,.F.);
#1073=ORIENTED_EDGE('',*,*,#782,.T.);
#1074=ORIENTED_EDGE('',*,*,#792,.T.);
#1075=ORIENTED_EDGE('',*,*,#793,.F.);
#1076=ORIENTED_EDGE('',*,*,#794,.F.);
#1077=ORIENTED_EDGE('',*,*,#781,.T.);
#1078=ORIENTED_EDGE('',*,*,#778,.T.);
#1079=ORIENTED_EDGE('',*,*,#681,.F.);
#1080=ORIENTED_EDGE('',*,*,#795,.F.);
#1081=ORIENTED_EDGE('',*,*,#796,.F.);
#1082=ORIENTED_EDGE('',*,*,#792,.F.);
#1083=ORIENTED_EDGE('',*,*,#797,.F.);
#1084=ORIENTED_EDGE('',*,*,#798,.F.);
#1085=ORIENTED_EDGE('',*,*,#790,.T.);
#1086=ORIENTED_EDGE('',*,*,#799,.T.);
#1087=ORIENTED_EDGE('',*,*,#800,.F.);
#1088=ORIENTED_EDGE('',*,*,#760,.T.);
#1089=ORIENTED_EDGE('',*,*,#801,.F.);
#1090=ORIENTED_EDGE('',*,*,#802,.T.);
#1091=ORIENTED_EDGE('',*,*,#803,.F.);
#1092=ORIENTED_EDGE('',*,*,#804,.F.);
#1093=ORIENTED_EDGE('',*,*,#805,.F.);
#1094=ORIENTED_EDGE('',*,*,#806,.F.);
#1095=ORIENTED_EDGE('',*,*,#801,.T.);
#1096=ORIENTED_EDGE('',*,*,#759,.T.);
#1097=ORIENTED_EDGE('',*,*,#673,.T.);
#1098=ORIENTED_EDGE('',*,*,#807,.T.);
#1099=ORIENTED_EDGE('',*,*,#807,.F.);
#1100=ORIENTED_EDGE('',*,*,#672,.T.);
#1101=ORIENTED_EDGE('',*,*,#808,.F.);
#1102=ORIENTED_EDGE('',*,*,#802,.F.);
#1103=ORIENTED_EDGE('',*,*,#671,.T.);
#1104=ORIENTED_EDGE('',*,*,#809,.T.);
#1105=ORIENTED_EDGE('',*,*,#803,.T.);
#1106=ORIENTED_EDGE('',*,*,#808,.T.);
#1107=ORIENTED_EDGE('',*,*,#810,.F.);
#1108=ORIENTED_EDGE('',*,*,#804,.T.);
#1109=ORIENTED_EDGE('',*,*,#809,.F.);
#1110=ORIENTED_EDGE('',*,*,#670,.T.);
#1111=ORIENTED_EDGE('',*,*,#805,.T.);
#1112=ORIENTED_EDGE('',*,*,#810,.T.);
#1113=ORIENTED_EDGE('',*,*,#669,.T.);
#1114=ORIENTED_EDGE('',*,*,#811,.T.);
#1115=ORIENTED_EDGE('',*,*,#812,.F.);
#1116=ORIENTED_EDGE('',*,*,#806,.T.);
#1117=ORIENTED_EDGE('',*,*,#811,.F.);
#1118=ORIENTED_EDGE('',*,*,#668,.T.);
#1119=ORIENTED_EDGE('',*,*,#800,.T.);
#1120=ORIENTED_EDGE('',*,*,#812,.T.);
#1121=ORIENTED_EDGE('',*,*,#667,.T.);
#1122=ORIENTED_EDGE('',*,*,#761,.T.);
#1123=ORIENTED_EDGE('',*,*,#766,.T.);
#1124=ORIENTED_EDGE('',*,*,#813,.T.);
#1125=ORIENTED_EDGE('',*,*,#814,.F.);
#1126=ORIENTED_EDGE('',*,*,#784,.F.);
#1127=ORIENTED_EDGE('',*,*,#815,.F.);
#1128=ORIENTED_EDGE('',*,*,#787,.T.);
#1129=ORIENTED_EDGE('',*,*,#751,.T.);
#1130=ORIENTED_EDGE('',*,*,#816,.F.);
#1131=ORIENTED_EDGE('',*,*,#771,.T.);
#1132=ORIENTED_EDGE('',*,*,#788,.T.);
#1133=ORIENTED_EDGE('',*,*,#815,.T.);
#1134=ORIENTED_EDGE('',*,*,#817,.F.);
#1135=ORIENTED_EDGE('',*,*,#678,.F.);
#1136=ORIENTED_EDGE('',*,*,#769,.T.);
#1137=ORIENTED_EDGE('',*,*,#818,.T.);
#1138=ORIENTED_EDGE('',*,*,#819,.F.);
#1139=ORIENTED_EDGE('',*,*,#820,.F.);
#1140=ORIENTED_EDGE('',*,*,#689,.F.);
#1141=ORIENTED_EDGE('',*,*,#821,.F.);
#1142=ORIENTED_EDGE('',*,*,#822,.T.);
#1143=ORIENTED_EDGE('',*,*,#690,.F.);
#1144=ORIENTED_EDGE('',*,*,#820,.T.);
#1145=ORIENTED_EDGE('',*,*,#762,.T.);
#1146=ORIENTED_EDGE('',*,*,#692,.T.);
#1147=ORIENTED_EDGE('',*,*,#658,.T.);
#1148=ORIENTED_EDGE('',*,*,#652,.T.);
#1149=ORIENTED_EDGE('',*,*,#656,.T.);
#1150=ORIENTED_EDGE('',*,*,#691,.T.);
#1151=ORIENTED_EDGE('',*,*,#822,.F.);
#1152=ORIENTED_EDGE('',*,*,#823,.F.);
#1153=ORIENTED_EDGE('',*,*,#824,.F.);
#1154=ORIENTED_EDGE('',*,*,#813,.F.);
#1155=ORIENTED_EDGE('',*,*,#765,.T.);
#1156=ORIENTED_EDGE('',*,*,#825,.F.);
#1157=ORIENTED_EDGE('',*,*,#826,.F.);
#1158=ORIENTED_EDGE('',*,*,#785,.F.);
#1159=ORIENTED_EDGE('',*,*,#814,.T.);
#1160=ORIENTED_EDGE('',*,*,#824,.T.);
#1161=ORIENTED_EDGE('',*,*,#695,.T.);
#1162=ORIENTED_EDGE('',*,*,#661,.F.);
#1163=ORIENTED_EDGE('',*,*,#786,.T.);
#1164=ORIENTED_EDGE('',*,*,#826,.T.);
#1165=ORIENTED_EDGE('',*,*,#827,.F.);
#1166=ORIENTED_EDGE('',*,*,#828,.F.);
#1167=ORIENTED_EDGE('',*,*,#696,.T.);
#1168=ORIENTED_EDGE('',*,*,#828,.T.);
#1169=ORIENTED_EDGE('',*,*,#829,.T.);
#1170=ORIENTED_EDGE('',*,*,#830,.F.);
#1171=ORIENTED_EDGE('',*,*,#679,.F.);
#1172=ORIENTED_EDGE('',*,*,#817,.T.);
#1173=ORIENTED_EDGE('',*,*,#816,.T.);
#1174=ORIENTED_EDGE('',*,*,#750,.T.);
#1175=ORIENTED_EDGE('',*,*,#699,.T.);
#1176=ORIENTED_EDGE('',*,*,#831,.T.);
#1177=ORIENTED_EDGE('',*,*,#832,.T.);
#1178=ORIENTED_EDGE('',*,*,#795,.T.);
#1179=ORIENTED_EDGE('',*,*,#680,.F.);
#1180=ORIENTED_EDGE('',*,*,#830,.T.);
#1181=ORIENTED_EDGE('',*,*,#833,.T.);
#1182=ORIENTED_EDGE('',*,*,#834,.F.);
#1183=ORIENTED_EDGE('',*,*,#793,.T.);
#1184=ORIENTED_EDGE('',*,*,#796,.T.);
#1185=ORIENTED_EDGE('',*,*,#832,.F.);
#1186=ORIENTED_EDGE('',*,*,#783,.T.);
#1187=ORIENTED_EDGE('',*,*,#794,.T.);
#1188=ORIENTED_EDGE('',*,*,#834,.T.);
#1189=ORIENTED_EDGE('',*,*,#835,.T.);
#1190=ORIENTED_EDGE('',*,*,#836,.F.);
#1191=ORIENTED_EDGE('',*,*,#683,.F.);
#1192=ORIENTED_EDGE('',*,*,#780,.T.);
#1193=ORIENTED_EDGE('',*,*,#836,.T.);
#1194=ORIENTED_EDGE('',*,*,#837,.T.);
#1195=ORIENTED_EDGE('',*,*,#838,.T.);
#1196=ORIENTED_EDGE('',*,*,#684,.F.);
#1197=ORIENTED_EDGE('',*,*,#839,.F.);
#1198=ORIENTED_EDGE('',*,*,#840,.T.);
#1199=ORIENTED_EDGE('',*,*,#685,.F.);
#1200=ORIENTED_EDGE('',*,*,#838,.F.);
#1201=ORIENTED_EDGE('',*,*,#772,.T.);
#1202=ORIENTED_EDGE('',*,*,#686,.F.);
#1203=ORIENTED_EDGE('',*,*,#840,.F.);
#1204=ORIENTED_EDGE('',*,*,#841,.F.);
#1205=ORIENTED_EDGE('',*,*,#799,.F.);
#1206=ORIENTED_EDGE('',*,*,#789,.F.);
#1207=ORIENTED_EDGE('',*,*,#775,.T.);
#1208=ORIENTED_EDGE('',*,*,#777,.T.);
#1209=ORIENTED_EDGE('',*,*,#791,.T.);
#1210=ORIENTED_EDGE('',*,*,#798,.T.);
#1211=ORIENTED_EDGE('',*,*,#842,.F.);
#1212=ORIENTED_EDGE('',*,*,#818,.F.);
#1213=ORIENTED_EDGE('',*,*,#688,.F.);
#1214=ORIENTED_EDGE('',*,*,#774,.T.);
#1215=ORIENTED_EDGE('',*,*,#797,.T.);
#1216=ORIENTED_EDGE('',*,*,#841,.T.);
#1217=ORIENTED_EDGE('',*,*,#839,.T.);
#1218=ORIENTED_EDGE('',*,*,#837,.F.);
#1219=ORIENTED_EDGE('',*,*,#835,.F.);
#1220=ORIENTED_EDGE('',*,*,#833,.F.);
#1221=ORIENTED_EDGE('',*,*,#831,.F.);
#1222=ORIENTED_EDGE('',*,*,#829,.F.);
#1223=ORIENTED_EDGE('',*,*,#827,.T.);
#1224=ORIENTED_EDGE('',*,*,#825,.T.);
#1225=ORIENTED_EDGE('',*,*,#823,.T.);
#1226=ORIENTED_EDGE('',*,*,#821,.T.);
#1227=ORIENTED_EDGE('',*,*,#819,.T.);
#1228=ORIENTED_EDGE('',*,*,#842,.T.);
#1229=PLANE('',#1362);
#1230=PLANE('',#1363);
#1231=PLANE('',#1364);
#1232=PLANE('',#1365);
#1233=PLANE('',#1370);
#1234=PLANE('',#1374);
#1235=PLANE('',#1375);
#1236=PLANE('',#1379);
#1237=PLANE('',#1383);
#1238=PLANE('',#1387);
#1239=PLANE('',#1391);
#1240=PLANE('',#1395);
#1241=PLANE('',#1402);
#1242=PLANE('',#1406);
#1243=PLANE('',#1409);
#1244=PLANE('',#1412);
#1245=PLANE('',#1415);
#1246=PLANE('',#1416);
#1247=PLANE('',#1417);
#1248=PLANE('',#1418);
#1249=PLANE('',#1419);
#1250=PLANE('',#1420);
#1251=PLANE('',#1421);
#1252=PLANE('',#1422);
#1253=PLANE('',#1423);
#1254=PLANE('',#1424);
#1255=PLANE('',#1425);
#1256=PLANE('',#1426);
#1257=PLANE('',#1427);
#1258=PLANE('',#1428);
#1259=PLANE('',#1429);
#1260=PLANE('',#1430);
#1261=PLANE('',#1436);
#1262=PLANE('',#1438);
#1263=PLANE('',#1440);
#1264=PLANE('',#1442);
#1265=PLANE('',#1443);
#1266=PLANE('',#1444);
#1267=PLANE('',#1445);
#1268=PLANE('',#1446);
#1269=PLANE('',#1447);
#1270=PLANE('',#1448);
#1271=PLANE('',#1449);
#1272=PLANE('',#1450);
#1273=PLANE('',#1451);
#1274=PLANE('',#1452);
#1275=PLANE('',#1453);
#1276=PLANE('',#1454);
#1277=PLANE('',#1455);
#1278=PLANE('',#1456);
#1279=PLANE('',#1457);
#1280=PLANE('',#1458);
#1281=ADVANCED_FACE('',(#64),#1229,.T.);
#1282=ADVANCED_FACE('',(#65),#1230,.T.);
#1283=ADVANCED_FACE('',(#66),#1231,.T.);
#1284=ADVANCED_FACE('',(#67),#1232,.F.);
#1285=ADVANCED_FACE('',(#68),#1233,.F.);
#1286=ADVANCED_FACE('',(#69),#50,.T.);
#1287=ADVANCED_FACE('',(#70),#1234,.T.);
#1288=ADVANCED_FACE('',(#71),#1235,.T.);
#1289=ADVANCED_FACE('',(#72),#17,.F.);
#1290=ADVANCED_FACE('',(#73),#1236,.T.);
#1291=ADVANCED_FACE('',(#74),#18,.F.);
#1292=ADVANCED_FACE('',(#75),#1237,.T.);
#1293=ADVANCED_FACE('',(#76),#19,.F.);
#1294=ADVANCED_FACE('',(#77),#1238,.T.);
#1295=ADVANCED_FACE('',(#78),#20,.F.);
#1296=ADVANCED_FACE('',(#79),#1239,.T.);
#1297=ADVANCED_FACE('',(#80),#21,.T.);
#1298=ADVANCED_FACE('',(#81),#1240,.T.);
#1299=ADVANCED_FACE('',(#82),#22,.T.);
#1300=ADVANCED_FACE('',(#83),#23,.T.);
#1301=ADVANCED_FACE('',(#84),#1241,.T.);
#1302=ADVANCED_FACE('',(#85),#24,.T.);
#1303=ADVANCED_FACE('',(#86,#15),#1242,.F.);
#1304=ADVANCED_FACE('',(#87),#1243,.T.);
#1305=ADVANCED_FACE('',(#88),#25,.F.);
#1306=ADVANCED_FACE('',(#89),#1244,.F.);
#1307=ADVANCED_FACE('',(#90),#26,.F.);
#1308=ADVANCED_FACE('',(#91),#1245,.T.);
#1309=ADVANCED_FACE('',(#92),#1246,.F.);
#1310=ADVANCED_FACE('',(#93),#1247,.F.);
#1311=ADVANCED_FACE('',(#94,#16),#1248,.F.);
#1312=ADVANCED_FACE('',(#95),#1249,.F.);
#1313=ADVANCED_FACE('',(#96),#1250,.F.);
#1314=ADVANCED_FACE('',(#97),#1251,.F.);
#1315=ADVANCED_FACE('',(#98),#1252,.F.);
#1316=ADVANCED_FACE('',(#99),#1253,.F.);
#1317=ADVANCED_FACE('',(#100),#1254,.T.);
#1318=ADVANCED_FACE('',(#101),#1255,.T.);
#1319=ADVANCED_FACE('',(#102),#1256,.T.);
#1320=ADVANCED_FACE('',(#103),#1257,.T.);
#1321=ADVANCED_FACE('',(#104),#1258,.T.);
#1322=ADVANCED_FACE('',(#105),#1259,.T.);
#1323=ADVANCED_FACE('',(#106),#1260,.F.);
#1324=ADVANCED_FACE('',(#107),#27,.T.);
#1325=ADVANCED_FACE('',(#108),#1261,.T.);
#1326=ADVANCED_FACE('',(#109),#28,.T.);
#1327=ADVANCED_FACE('',(#110),#1262,.T.);
#1328=ADVANCED_FACE('',(#111),#29,.T.);
#1329=ADVANCED_FACE('',(#112),#1263,.T.);
#1330=ADVANCED_FACE('',(#113),#30,.T.);
#1331=ADVANCED_FACE('',(#114),#1264,.T.);
#1332=ADVANCED_FACE('',(#115),#1265,.T.);
#1333=ADVANCED_FACE('',(#116),#1266,.T.);
#1334=ADVANCED_FACE('',(#117),#1267,.F.);
#1335=ADVANCED_FACE('',(#118),#1268,.F.);
#1336=ADVANCED_FACE('',(#119),#1269,.T.);
#1337=ADVANCED_FACE('',(#120),#1270,.T.);
#1338=ADVANCED_FACE('',(#121),#1271,.F.);
#1339=ADVANCED_FACE('',(#122),#1272,.F.);
#1340=ADVANCED_FACE('',(#123),#1273,.F.);
#1341=ADVANCED_FACE('',(#124),#1274,.T.);
#1342=ADVANCED_FACE('',(#125),#1275,.T.);
#1343=ADVANCED_FACE('',(#126),#1276,.F.);
#1344=ADVANCED_FACE('',(#127),#1277,.F.);
#1345=ADVANCED_FACE('',(#128),#1278,.T.);
#1346=ADVANCED_FACE('',(#129),#1279,.T.);
#1347=ADVANCED_FACE('',(#130),#1280,.T.);
#1348=CLOSED_SHELL('',(#1281,#1282,#1283,#1284,#1285,#1286,#1287,#1288,
#1289,#1290,#1291,#1292,#1293,#1294,#1295,#1296,#1297,#1298,#1299,#1300,
#1301,#1302,#1303,#1304,#1305,#1306,#1307,#1308,#1309,#1310,#1311,#1312,
#1313,#1314,#1315,#1316,#1317,#1318,#1319,#1320,#1321,#1322,#1323,#1324,
#1325,#1326,#1327,#1328,#1329,#1330,#1331,#1332,#1333,#1334,#1335,#1336,
#1337,#1338,#1339,#1340,#1341,#1342,#1343,#1344,#1345,#1346,#1347));
#1349=DERIVED_UNIT_ELEMENT(#1351,1.);
#1350=DERIVED_UNIT_ELEMENT(#2215,-3.);
#1351=(
MASS_UNIT()
NAMED_UNIT(*)
SI_UNIT(.KILO.,.GRAM.)
);
#1352=DERIVED_UNIT((#1349,#1350));
#1353=MEASURE_REPRESENTATION_ITEM('density measure',
POSITIVE_RATIO_MEASURE(7850.),#1352);
#1354=PROPERTY_DEFINITION_REPRESENTATION(#1359,#1356);
#1355=PROPERTY_DEFINITION_REPRESENTATION(#1360,#1357);
#1356=REPRESENTATION('material name',(#1358),#2212);
#1357=REPRESENTATION('density',(#1353),#2212);
#1358=DESCRIPTIVE_REPRESENTATION_ITEM('Steel','Steel');
#1359=PROPERTY_DEFINITION('material property','material name',#2222);
#1360=PROPERTY_DEFINITION('material property','density of part',#2222);
#1361=AXIS2_PLACEMENT_3D('',#1816,#1459,#1460);
#1362=AXIS2_PLACEMENT_3D('',#1817,#1461,#1462);
#1363=AXIS2_PLACEMENT_3D('',#1826,#1467,#1468);
#1364=AXIS2_PLACEMENT_3D('',#1832,#1472,#1473);
#1365=AXIS2_PLACEMENT_3D('',#1838,#1477,#1478);
#1366=AXIS2_PLACEMENT_3D('',#1857,#1485,#1486);
#1367=AXIS2_PLACEMENT_3D('',#1861,#1488,#1489);
#1368=AXIS2_PLACEMENT_3D('',#1865,#1491,#1492);
#1369=AXIS2_PLACEMENT_3D('',#1869,#1494,#1495);
#1370=AXIS2_PLACEMENT_3D('',#1905,#1514,#1515);
#1371=AXIS2_PLACEMENT_3D('',#1911,#1519,#1520);
#1372=AXIS2_PLACEMENT_3D('',#1917,#1521,#1522);
#1373=AXIS2_PLACEMENT_3D('',#1920,#1524,#1525);
#1374=AXIS2_PLACEMENT_3D('',#1921,#1526,#1527);
#1375=AXIS2_PLACEMENT_3D('',#1927,#1531,#1532);
#1376=AXIS2_PLACEMENT_3D('',#1936,#1537,#1538);
#1377=AXIS2_PLACEMENT_3D('',#1938,#1539,#1540);
#1378=AXIS2_PLACEMENT_3D('',#1940,#1541,#1542);
#1379=AXIS2_PLACEMENT_3D('',#1942,#1544,#1545);
#1380=AXIS2_PLACEMENT_3D('',#1948,#1549,#1550);
#1381=AXIS2_PLACEMENT_3D('',#1950,#1551,#1552);
#1382=AXIS2_PLACEMENT_3D('',#1952,#1553,#1554);
#1383=AXIS2_PLACEMENT_3D('',#1954,#1556,#1557);
#1384=AXIS2_PLACEMENT_3D('',#1960,#1561,#1562);
#1385=AXIS2_PLACEMENT_3D('',#1962,#1563,#1564);
#1386=AXIS2_PLACEMENT_3D('',#1964,#1565,#1566);
#1387=AXIS2_PLACEMENT_3D('',#1966,#1568,#1569);
#1388=AXIS2_PLACEMENT_3D('',#1972,#1573,#1574);
#1389=AXIS2_PLACEMENT_3D('',#1973,#1575,#1576);
#1390=AXIS2_PLACEMENT_3D('',#1974,#1577,#1578);
#1391=AXIS2_PLACEMENT_3D('',#1975,#1579,#1580);
#1392=AXIS2_PLACEMENT_3D('',#1984,#1585,#1586);
#1393=AXIS2_PLACEMENT_3D('',#1986,#1587,#1588);
#1394=AXIS2_PLACEMENT_3D('',#1988,#1589,#1590);
#1395=AXIS2_PLACEMENT_3D('',#1990,#1592,#1593);
#1396=AXIS2_PLACEMENT_3D('',#1996,#1597,#1598);
#1397=AXIS2_PLACEMENT_3D('',#1997,#1599,#1600);
#1398=AXIS2_PLACEMENT_3D('',#1998,#1601,#1602);
#1399=AXIS2_PLACEMENT_3D('',#1999,#1603,#1604);
#1400=AXIS2_PLACEMENT_3D('',#2001,#1605,#1606);
#1401=AXIS2_PLACEMENT_3D('',#2004,#1608,#1609);
#1402=AXIS2_PLACEMENT_3D('',#2005,#1610,#1611);
#1403=AXIS2_PLACEMENT_3D('',#2011,#1615,#1616);
#1404=AXIS2_PLACEMENT_3D('',#2012,#1617,#1618);
#1405=AXIS2_PLACEMENT_3D('',#2013,#1619,#1620);
#1406=AXIS2_PLACEMENT_3D('',#2014,#1621,#1622);
#1407=AXIS2_PLACEMENT_3D('',#2016,#1623,#1624);
#1408=AXIS2_PLACEMENT_3D('',#2019,#1626,#1627);
#1409=AXIS2_PLACEMENT_3D('',#2020,#1628,#1629);
#1410=AXIS2_PLACEMENT_3D('',#2030,#1635,#1636);
#1411=AXIS2_PLACEMENT_3D('',#2033,#1638,#1639);
#1412=AXIS2_PLACEMENT_3D('',#2034,#1640,#1641);
#1413=AXIS2_PLACEMENT_3D('',#2038,#1644,#1645);
#1414=AXIS2_PLACEMENT_3D('',#2039,#1646,#1647);
#1415=AXIS2_PLACEMENT_3D('',#2040,#1648,#1649);
#1416=AXIS2_PLACEMENT_3D('',#2046,#1653,#1654);
#1417=AXIS2_PLACEMENT_3D('',#2052,#1658,#1659);
#1418=AXIS2_PLACEMENT_3D('',#2058,#1663,#1664);
#1419=AXIS2_PLACEMENT_3D('',#2062,#1667,#1668);
#1420=AXIS2_PLACEMENT_3D('',#2066,#1671,#1672);
#1421=AXIS2_PLACEMENT_3D('',#2072,#1676,#1677);
#1422=AXIS2_PLACEMENT_3D('',#2078,#1681,#1682);
#1423=AXIS2_PLACEMENT_3D('',#2084,#1686,#1687);
#1424=AXIS2_PLACEMENT_3D('',#2090,#1691,#1692);
#1425=AXIS2_PLACEMENT_3D('',#2096,#1696,#1697);
#1426=AXIS2_PLACEMENT_3D('',#2100,#1700,#1701);
#1427=AXIS2_PLACEMENT_3D('',#2106,#1705,#1706);
#1428=AXIS2_PLACEMENT_3D('',#2112,#1710,#1711);
#1429=AXIS2_PLACEMENT_3D('',#2116,#1714,#1715);
#1430=AXIS2_PLACEMENT_3D('',#2122,#1719,#1720);
#1431=AXIS2_PLACEMENT_3D('',#2124,#1721,#1722);
#1432=AXIS2_PLACEMENT_3D('',#2126,#1723,#1724);
#1433=AXIS2_PLACEMENT_3D('',#2130,#1726,#1727);
#1434=AXIS2_PLACEMENT_3D('',#2134,#1729,#1730);
#1435=AXIS2_PLACEMENT_3D('',#2136,#1732,#1733);
#1436=AXIS2_PLACEMENT_3D('',#2138,#1735,#1736);
#1437=AXIS2_PLACEMENT_3D('',#2140,#1738,#1739);
#1438=AXIS2_PLACEMENT_3D('',#2142,#1741,#1742);
#1439=AXIS2_PLACEMENT_3D('',#2144,#1744,#1745);
#1440=AXIS2_PLACEMENT_3D('',#2146,#1747,#1748);
#1441=AXIS2_PLACEMENT_3D('',#2148,#1750,#1751);
#1442=AXIS2_PLACEMENT_3D('',#2149,#1752,#1753);
#1443=AXIS2_PLACEMENT_3D('',#2153,#1756,#1757);
#1444=AXIS2_PLACEMENT_3D('',#2157,#1760,#1761);
#1445=AXIS2_PLACEMENT_3D('',#2159,#1763,#1764);
#1446=AXIS2_PLACEMENT_3D('',#2165,#1768,#1769);
#1447=AXIS2_PLACEMENT_3D('',#2169,#1772,#1773);
#1448=AXIS2_PLACEMENT_3D('',#2173,#1776,#1777);
#1449=AXIS2_PLACEMENT_3D('',#2177,#1780,#1781);
#1450=AXIS2_PLACEMENT_3D('',#2181,#1784,#1785);
#1451=AXIS2_PLACEMENT_3D('',#2185,#1788,#1789);
#1452=AXIS2_PLACEMENT_3D('',#2189,#1792,#1793);
#1453=AXIS2_PLACEMENT_3D('',#2193,#1796,#1797);
#1454=AXIS2_PLACEMENT_3D('',#2197,#1800,#1801);
#1455=AXIS2_PLACEMENT_3D('',#2201,#1804,#1805);
#1456=AXIS2_PLACEMENT_3D('',#2205,#1808,#1809);
#1457=AXIS2_PLACEMENT_3D('',#2207,#1811,#1812);
#1458=AXIS2_PLACEMENT_3D('',#2209,#1814,#1815);
#1459=DIRECTION('axis',(0.,0.,1.));
#1460=DIRECTION('refdir',(1.,0.,0.));
#1461=DIRECTION('center_axis',(0.,0.996194698091746,0.0871557427476582));
#1462=DIRECTION('ref_axis',(1.,0.,0.));
#1463=DIRECTION('',(-1.,-1.71884395297818E-32,1.96464762828257E-31));
#1464=DIRECTION('',(-1.58202487159843E-13,0.0871557427476582,-0.996194698091746));
#1465=DIRECTION('',(-1.,0.,0.));
#1466=DIRECTION('',(-1.58202487159843E-13,0.0871557427476582,-0.996194698091746));
#1467=DIRECTION('center_axis',(-1.,-1.37882552729206E-14,1.57600478933565E-13));
#1468=DIRECTION('ref_axis',(0.,0.996194698091758,0.0871557427475164));
#1469=DIRECTION('',(-2.25267120094912E-26,-0.996194698091746,-0.0871557427476582));
#1470=DIRECTION('',(-1.58202487159843E-13,0.0871557427476577,-0.996194698091746));
#1471=DIRECTION('',(0.,-0.996194698091758,-0.0871557427475164));
#1472=DIRECTION('center_axis',(1.,1.3788255272943E-14,-1.57600478933563E-13));
#1473=DIRECTION('ref_axis',(0.,-0.996194698091746,-0.0871557427476582));
#1474=DIRECTION('',(0.,0.996194698091746,0.0871557427476582));
#1475=DIRECTION('',(0.,0.996194698091746,0.0871557427476582));
#1476=DIRECTION('',(1.58202487159843E-13,-0.0871557427476577,0.996194698091746));
#1477=DIRECTION('center_axis',(-3.07518867131433E-16,-0.996194698091746,
-0.0871557427476577));
#1478=DIRECTION('ref_axis',(-2.69782501059399E-17,-0.0871557427476577,0.996194698091746));
#1479=DIRECTION('',(1.,5.92302346688906E-15,5.18197407150809E-16));
#1480=DIRECTION('',(2.81837501083167E-17,0.0871557427476578,-0.996194698091746));
#1481=DIRECTION('',(1.,-4.09402431638558E-16,-3.58180715883249E-17));
#1482=DIRECTION('',(-2.77555756156292E-15,-0.0871557427476696,0.996194698091745));
#1483=DIRECTION('',(0.,0.0871557427476685,-0.996194698091745));
#1484=DIRECTION('',(1.,-3.08693539245389E-16,0.));
#1485=DIRECTION('center_axis',(-3.07518867131433E-16,-0.996194698091746,
-0.0871557427476577));
#1486=DIRECTION('ref_axis',(-0.895794315602189,0.0387380113297175,-0.442777495603632));
#1487=DIRECTION('',(2.83981580062528E-17,0.0871557427476577,-0.996194698091746));
#1488=DIRECTION('center_axis',(-3.07518867131433E-16,-0.996194698091746,
-0.0871557427476577));
#1489=DIRECTION('ref_axis',(-0.549713577226946,-0.0728058293466442,0.832174437378066));
#1490=DIRECTION('',(-1.,3.08693539245389E-16,0.));
#1491=DIRECTION('center_axis',(-3.07518867131433E-16,-0.996194698091746,
-0.0871557427476577));
#1492=DIRECTION('ref_axis',(0.549713577226946,-0.0728058293466445,0.832174437378066));
#1493=DIRECTION('',(-2.83981580062525E-17,-0.0871557427476577,0.996194698091746));
#1494=DIRECTION('center_axis',(-3.07518867131433E-16,-0.996194698091746,
-0.0871557427476577));
#1495=DIRECTION('ref_axis',(0.895794315602187,0.0387380113297173,-0.442777495603636));
#1496=DIRECTION('',(1.,-3.08693539245389E-16,0.));
#1497=DIRECTION('',(0.,0.0871557427476685,-0.996194698091745));
#1498=DIRECTION('',(2.77555756156292E-15,0.0871557427476697,-0.996194698091745));
#1499=DIRECTION('',(1.,-5.2155234663478E-15,-4.56299177659043E-16));
#1500=DIRECTION('',(0.,0.0871557427476463,-0.996194698091747));
#1501=DIRECTION('',(1.,-3.08761506614835E-16,7.768705876452E-19));
#1502=DIRECTION('',(-2.99452344900865E-17,-0.0871557427476578,0.996194698091746));
#1503=DIRECTION('',(-1.,6.47830691690955E-15,5.66778414071166E-16));
#1504=DIRECTION('',(0.,-0.0871557427476577,0.996194698091746));
#1505=DIRECTION('',(1.,0.,0.));
#1506=DIRECTION('',(-2.99452344900865E-17,-0.0871557427476578,0.996194698091746));
#1507=DIRECTION('',(-1.,3.08693539245389E-16,-6.38038206900039E-33));
#1508=DIRECTION('',(0.,0.0871557427476582,-0.996194698091746));
#1509=DIRECTION('',(-1.,3.08244564462981E-16,5.13180524555054E-18));
#1510=DIRECTION('',(0.,-0.0871557427476584,0.996194698091746));
#1511=DIRECTION('',(-1.,3.08693539245389E-16,-6.38038206900039E-33));
#1512=DIRECTION('',(2.81837501083167E-17,0.0871557427476578,-0.996194698091746));
#1513=DIRECTION('',(-1.,0.,0.));
#1514=DIRECTION('center_axis',(-3.07518867131433E-16,-0.996194698091746,
-0.0871557427476577));
#1515=DIRECTION('ref_axis',(-2.69782501059399E-17,-0.0871557427476577,0.996194698091746));
#1516=DIRECTION('',(-1.,0.,0.));
#1517=DIRECTION('',(0.,0.0871557427476577,-0.996194698091746));
#1518=DIRECTION('',(1.,5.92302346688906E-15,5.18197407150809E-16));
#1519=DIRECTION('center_axis',(0.,0.0871557427476685,-0.996194698091745));
#1520=DIRECTION('ref_axis',(-1.,-1.26399804666395E-15,-1.10585499802019E-16));
#1521=DIRECTION('center_axis',(-5.4380941135164E-17,-0.173648177666937,
0.984807753012207));
#1522=DIRECTION('ref_axis',(2.48256502886038E-13,-0.984807753012206,-0.17364817766694));
#1523=DIRECTION('',(-6.72416470528383E-16,-0.642787609686531,-0.766044443118985));
#1524=DIRECTION('center_axis',(-1.77635683940025E-14,-0.0871557427476686,
0.996194698091745));
#1525=DIRECTION('ref_axis',(-1.,2.84198950564343E-16,-1.78065581530974E-14));
#1526=DIRECTION('center_axis',(-6.72416470528383E-16,-0.766044443118985,
0.642787609686531));
#1527=DIRECTION('ref_axis',(-1.,3.39233294021583E-15,2.99673064400358E-15));
#1528=DIRECTION('',(1.,-9.75820860284718E-16,-1.1684369119831E-16));
#1529=DIRECTION('',(0.,-0.642787609686531,-0.766044443118985));
#1530=DIRECTION('',(1.,-6.15802176894121E-16,-3.87216743096412E-15));
#1531=DIRECTION('center_axis',(3.50228083477962E-16,-0.996194698091745,
-0.0871557427476697));
#1532=DIRECTION('ref_axis',(-1.,-8.37571745973919E-16,5.55507226338964E-15));
#1533=DIRECTION('',(1.,8.37571745973919E-16,-5.55507226338964E-15));
#1534=DIRECTION('',(2.77555756156292E-15,0.0871557427476697,-0.996194698091745));
#1535=DIRECTION('',(-1.,-8.37571745973919E-16,5.55507226338964E-15));
#1536=DIRECTION('',(2.77555756156292E-15,0.0871557427476697,-0.996194698091745));
#1537=DIRECTION('center_axis',(2.77555756156292E-15,0.0871557427476697,
-0.996194698091745));
#1538=DIRECTION('ref_axis',(1.,1.23275860695768E-15,2.89401214351312E-15));
#1539=DIRECTION('center_axis',(-8.73088241455542E-32,0.0871557427476686,
-0.996194698091745));
#1540=DIRECTION('ref_axis',(1.,1.47466438777461E-15,1.29016416435691E-16));
#1541=DIRECTION('center_axis',(8.30117142631083E-32,-0.0871557427476686,
0.996194698091745));
#1542=DIRECTION('ref_axis',(1.,1.47466438777461E-15,1.29016416435691E-16));
#1543=DIRECTION('',(2.77555756156292E-15,0.0871557427476697,-0.996194698091745));
#1544=DIRECTION('center_axis',(-1.,2.41905780816924E-16,-2.76499572707743E-15));
#1545=DIRECTION('ref_axis',(0.,0.996194698091745,0.0871557427476686));
#1546=DIRECTION('',(0.,-0.996194698091745,-0.0871557427476686));
#1547=DIRECTION('',(4.91161907070641E-32,0.996194698091745,0.0871557427476686));
#1548=DIRECTION('',(2.77555756156292E-15,0.0871557427476697,-0.996194698091745));
#1549=DIRECTION('center_axis',(2.77555756156292E-15,0.0871557427476697,
-0.996194698091745));
#1550=DIRECTION('ref_axis',(-1.48029736616687E-15,-0.996194698091744,-0.0871557427476696));
#1551=DIRECTION('center_axis',(3.02960849627517E-45,0.0871557427476686,
-0.996194698091745));
#1552=DIRECTION('ref_axis',(-1.48029736616688E-15,-0.996194698091745,-0.0871557427476686));
#1553=DIRECTION('center_axis',(-4.297109882449E-33,-0.0871557427476686,
0.996194698091745));
#1554=DIRECTION('ref_axis',(-1.48029736616688E-15,-0.996194698091745,-0.0871557427476686));
#1555=DIRECTION('',(2.77555756156292E-15,0.0871557427476697,-0.996194698091745));
#1556=DIRECTION('center_axis',(-3.50228083477967E-16,0.996194698091745,
0.0871557427476697));
#1557=DIRECTION('ref_axis',(1.,3.49181526028084E-16,2.72534947477057E-17));
#1558=DIRECTION('',(-1.,-3.49181526028084E-16,-2.72534947477057E-17));
#1559=DIRECTION('',(1.,3.49181526028084E-16,2.72534947477057E-17));
#1560=DIRECTION('',(2.77555756156292E-15,0.0871557427476697,-0.996194698091745));
#1561=DIRECTION('center_axis',(2.77555756156292E-15,0.0871557427476697,
-0.996194698091745));
#1562=DIRECTION('ref_axis',(-1.,3.19123455636615E-15,-2.50696289420604E-15));
#1563=DIRECTION('center_axis',(-1.54074395550979E-32,0.0871557427476686,
-0.996194698091745));
#1564=DIRECTION('ref_axis',(-1.,2.94932877554923E-15,2.58032832871383E-16));
#1565=DIRECTION('center_axis',(1.11103296726519E-32,-0.0871557427476686,
0.996194698091745));
#1566=DIRECTION('ref_axis',(-1.,2.94932877554923E-15,2.58032832871383E-16));
#1567=DIRECTION('',(2.77555756156292E-15,0.0871557427476697,-0.996194698091745));
#1568=DIRECTION('center_axis',(1.,-5.17939815059802E-15,2.33302111847578E-15));
#1569=DIRECTION('ref_axis',(-4.95635278850518E-15,-0.996194698091745,-0.0871557427476686));
#1570=DIRECTION('',(4.95635278850518E-15,0.996194698091745,0.0871557427476686));
#1571=DIRECTION('',(-4.95635278850518E-15,-0.996194698091745,-0.0871557427476686));
#1572=DIRECTION('',(2.77555756156292E-15,0.0871557427476697,-0.996194698091745));
#1573=DIRECTION('center_axis',(2.77555756156292E-15,0.0871557427476697,
-0.996194698091745));
#1574=DIRECTION('ref_axis',(-2.59052039079197E-15,0.996194698091745,0.0871557427476696));
#1575=DIRECTION('center_axis',(-6.13558481838564E-29,0.0871557427476922,
-0.996194698091743));
#1576=DIRECTION('ref_axis',(-2.59052039079203E-15,0.996194698091743,0.0871557427476922));
#1577=DIRECTION('center_axis',(6.13515510739739E-29,-0.0871557427476922,
0.996194698091743));
#1578=DIRECTION('ref_axis',(-2.59052039079203E-15,0.996194698091743,0.0871557427476922));
#1579=DIRECTION('center_axis',(-2.49163697648737E-62,0.996194698091745,
0.0871557427476697));
#1580=DIRECTION('ref_axis',(1.,-2.10350543687646E-48,2.40431771626379E-47));
#1581=DIRECTION('',(1.,-2.10350543687646E-48,2.40431771626379E-47));
#1582=DIRECTION('',(2.77555756156292E-15,0.0871557427476697,-0.996194698091745));
#1583=DIRECTION('',(1.,4.93038065763132E-32,2.40431771626379E-47));
#1584=DIRECTION('',(2.77555756156292E-15,0.0871557427476697,-0.996194698091745));
#1585=DIRECTION('center_axis',(2.77555756156292E-15,0.0871557427476697,
-0.996194698091745));
#1586=DIRECTION('ref_axis',(-1.66533453693774E-15,0.996194698091745,0.0871557427476697));
#1587=DIRECTION('center_axis',(3.28429327576129E-46,-0.0871557427476686,
0.996194698091745));
#1588=DIRECTION('ref_axis',(-1.66533453693773E-15,0.996194698091745,0.0871557427476686));
#1589=DIRECTION('center_axis',(4.29710988244564E-33,0.0871557427476686,
-0.996194698091745));
#1590=DIRECTION('ref_axis',(-1.66533453693773E-15,0.996194698091745,0.0871557427476686));
#1591=DIRECTION('',(2.77555756156292E-15,0.0871557427476697,-0.996194698091745));
#1592=DIRECTION('center_axis',(-1.,2.41905780816924E-16,-2.76499572707743E-15));
#1593=DIRECTION('ref_axis',(0.,0.996194698091745,0.0871557427476686));
#1594=DIRECTION('',(0.,0.996194698091745,0.0871557427476686));
#1595=DIRECTION('',(4.91161907070641E-32,0.996194698091745,0.0871557427476686));
#1596=DIRECTION('',(2.77555756156292E-15,0.0871557427476697,-0.996194698091745));
#1597=DIRECTION('center_axis',(2.77555756156292E-15,0.0871557427476697,
-0.996194698091745));
#1598=DIRECTION('ref_axis',(-1.,2.41905780816924E-16,-2.76499572707743E-15));
#1599=DIRECTION('center_axis',(-2.66450404968251E-15,-0.0871557427476686,
0.996194698091745));
#1600=DIRECTION('ref_axis',(-1.,2.32226829504251E-16,-2.6543648073377E-15));
#1601=DIRECTION('center_axis',(2.66450404968251E-15,0.0871557427476686,
-0.996194698091745));
#1602=DIRECTION('ref_axis',(-1.,2.3222682950425E-16,-2.6543648073377E-15));
#1603=DIRECTION('center_axis',(2.77555756156292E-15,0.0871557427476697,
-0.996194698091745));
#1604=DIRECTION('ref_axis',(1.5262994809269E-29,-0.996194698091745,-0.0871557427476696));
#1605=DIRECTION('center_axis',(2.66450404968252E-15,0.0871557427476642,
-0.996194698091745));
#1606=DIRECTION('ref_axis',(-4.91161907070642E-32,-0.996194698091745,-0.0871557427476642));
#1607=DIRECTION('',(2.77555756156292E-15,0.0871557427476697,-0.996194698091745));
#1608=DIRECTION('center_axis',(-2.66450404968252E-15,-0.0871557427476642,
0.996194698091745));
#1609=DIRECTION('ref_axis',(0.,-0.996194698091745,-0.0871557427476642));
#1610=DIRECTION('center_axis',(1.,-2.41905780816912E-16,2.76499572707743E-15));
#1611=DIRECTION('ref_axis',(0.,-0.996194698091745,-0.0871557427476643));
#1612=DIRECTION('',(0.,-0.996194698091745,-0.0871557427476643));
#1613=DIRECTION('',(-4.91161907070642E-32,-0.996194698091745,-0.0871557427476643));
#1614=DIRECTION('',(2.77555756156292E-15,0.0871557427476697,-0.996194698091745));
#1615=DIRECTION('center_axis',(2.77555756156292E-15,0.0871557427476697,
-0.996194698091745));
#1616=DIRECTION('ref_axis',(1.,4.18208738250691E-15,3.15204497638451E-15));
#1617=DIRECTION('center_axis',(2.4107698869795E-30,-0.0871557427476639,
0.996194698091745));
#1618=DIRECTION('ref_axis',(1.,4.42399316332383E-15,3.8704924930705E-16));
#1619=DIRECTION('center_axis',(-2.40647277709705E-30,0.0871557427476639,
-0.996194698091745));
#1620=DIRECTION('ref_axis',(1.,4.42399316332383E-15,3.8704924930705E-16));
#1621=DIRECTION('center_axis',(-2.6930319303001E-15,-0.0871557427476686,
0.996194698091745));
#1622=DIRECTION('ref_axis',(1.,-2.34713198128493E-16,2.68278413075674E-15));
#1623=DIRECTION('center_axis',(2.66450404968252E-15,0.0871557427476642,
-0.996194698091745));
#1624=DIRECTION('ref_axis',(-4.91161907070642E-32,-0.996194698091745,-0.0871557427476642));
#1625=DIRECTION('',(-1.,2.34713198128493E-16,-2.68278413075674E-15));
#1626=DIRECTION('center_axis',(2.66450404968251E-15,0.0871557427476686,
-0.996194698091745));
#1627=DIRECTION('ref_axis',(-1.,2.3222682950425E-16,-2.6543648073377E-15));
#1628=DIRECTION('center_axis',(-1.,0.,0.));
#1629=DIRECTION('ref_axis',(0.,0.0871557427476582,-0.996194698091746));
#1630=DIRECTION('',(0.,-0.996194698091745,-0.0871557427476686));
#1631=DIRECTION('',(0.,0.984807753012207,0.173648177666937));
#1632=DIRECTION('',(0.,-0.642787609686543,-0.766044443118975));
#1633=DIRECTION('',(0.,-0.996194698091746,-0.0871557427476533));
#1634=DIRECTION('',(0.,0.0871557427476686,-0.996194698091745));
#1635=DIRECTION('center_axis',(2.67523620391604E-15,0.0871557427476687,
-0.996194698091745));
#1636=DIRECTION('ref_axis',(-1.,2.33162198377756E-16,-2.66505612248424E-15));
#1637=DIRECTION('',(2.67523620391604E-15,0.0871557427476687,-0.996194698091745));
#1638=DIRECTION('center_axis',(-5.4380941135164E-17,-0.173648177666937,
0.984807753012207));
#1639=DIRECTION('ref_axis',(-2.33162198377717E-16,0.984807753012207,0.173648177666937));
#1640=DIRECTION('center_axis',(2.95822839457879E-31,-0.996194698091745,
-0.0871557427476687));
#1641=DIRECTION('ref_axis',(-1.,2.34713198128493E-16,-2.68278413075674E-15));
#1642=DIRECTION('',(2.67523620391604E-15,0.0871557427476687,-0.996194698091745));
#1643=DIRECTION('',(1.,-4.75771586119773E-18,5.4380941135164E-17));
#1644=DIRECTION('center_axis',(2.67523620391604E-15,0.0871557427476687,
-0.996194698091745));
#1645=DIRECTION('ref_axis',(1.22025827326238E-29,-0.996194698091745,-0.0871557427476687));
#1646=DIRECTION('center_axis',(-5.4380941135164E-17,-0.173648177666937,
0.984807753012207));
#1647=DIRECTION('ref_axis',(2.33162198377729E-16,-0.984807753012207,-0.173648177666937));
#1648=DIRECTION('center_axis',(5.4380941135164E-17,0.173648177666937,-0.984807753012207));
#1649=DIRECTION('ref_axis',(3.04838086733487E-16,0.984807753012207,0.173648177666937));
#1650=DIRECTION('',(-0.173007208809882,0.969957401683893,0.171029660054755));
#1651=DIRECTION('',(1.,-3.13167358654743E-16,0.));
#1652=DIRECTION('',(-0.173007208809883,-0.969957401683893,-0.171029660054755));
#1653=DIRECTION('center_axis',(-1.,0.,0.));
#1654=DIRECTION('ref_axis',(0.,0.0871557427476582,-0.996194698091746));
#1655=DIRECTION('',(0.,0.996194698091746,0.0871557427476582));
#1656=DIRECTION('',(0.,0.0871557427476582,-0.996194698091746));
#1657=DIRECTION('',(0.,-0.996194698091746,-0.0871557427476582));
#1658=DIRECTION('center_axis',(0.,-0.996194698091746,-0.0871557427476577));
#1659=DIRECTION('ref_axis',(0.,0.0871557427476577,-0.996194698091746));
#1660=DIRECTION('',(-1.,0.,0.));
#1661=DIRECTION('',(-1.81432436586E-17,-0.0871557427476577,0.996194698091746));
#1662=DIRECTION('',(1.,1.71884395297817E-32,-1.96464762828257E-31));
#1663=DIRECTION('center_axis',(0.,0.0871557427476686,-0.996194698091745));
#1664=DIRECTION('ref_axis',(1.,0.,0.));
#1665=DIRECTION('',(1.,0.,0.));
#1666=DIRECTION('',(0.,-0.996194698091745,-0.0871557427476686));
#1667=DIRECTION('center_axis',(0.,-0.996194698091745,-0.0871557427476686));
#1668=DIRECTION('ref_axis',(0.,0.0871557427476686,-0.996194698091745));
#1669=DIRECTION('',(-1.,0.,0.));
#1670=DIRECTION('',(0.,-0.0871557427476686,0.996194698091745));
#1671=DIRECTION('center_axis',(-2.17530067864425E-17,-0.0871557427476577,
0.996194698091746));
#1672=DIRECTION('ref_axis',(-1.,1.89589946346724E-18,-2.16702300282078E-17));
#1673=DIRECTION('',(0.,0.996194698091746,0.0871557427476577));
#1674=DIRECTION('',(-1.,1.89589946346724E-18,-2.16702300282078E-17));
#1675=DIRECTION('',(0.,-0.996194698091746,-0.0871557427476577));
#1676=DIRECTION('center_axis',(0.,-0.996194698091746,-0.0871557427476577));
#1677=DIRECTION('ref_axis',(0.,0.0871557427476577,-0.996194698091746));
#1678=DIRECTION('',(0.,-0.0871557427476577,0.996194698091746));
#1679=DIRECTION('',(1.,0.,0.));
#1680=DIRECTION('',(0.,0.0871557427476577,-0.996194698091746));
#1681=DIRECTION('center_axis',(1.,0.,0.));
#1682=DIRECTION('ref_axis',(0.,-0.0871557427476582,0.996194698091746));
#1683=DIRECTION('',(0.,0.996194698091746,0.0871557427476582));
#1684=DIRECTION('',(0.,-0.0871557427476582,0.996194698091746));
#1685=DIRECTION('',(0.,-0.996194698091746,-0.0871557427476582));
#1686=DIRECTION('center_axis',(0.,-0.996194698091746,-0.0871557427476569));
#1687=DIRECTION('ref_axis',(0.,0.0871557427476569,-0.996194698091746));
#1688=DIRECTION('',(1.,-1.71884395297816E-32,1.96464762828257E-31));
#1689=DIRECTION('',(0.,0.0871557427476569,-0.996194698091746));
#1690=DIRECTION('',(-1.,0.,0.));
#1691=DIRECTION('center_axis',(-1.97215226305253E-31,0.0871557427476582,
-0.996194698091746));
#1692=DIRECTION('ref_axis',(1.,5.92302346688906E-15,5.18197407150809E-16));
#1693=DIRECTION('',(0.,-0.996194698091746,-0.0871557427476582));
#1694=DIRECTION('',(0.707106781186548,0.704416026402759,0.0616284167162194));
#1695=DIRECTION('',(-0.173648177666931,-0.981060262190407,-0.0858316511774316));
#1696=DIRECTION('center_axis',(0.,-0.0871557427476533,0.996194698091746));
#1697=DIRECTION('ref_axis',(-1.,0.,0.));
#1698=DIRECTION('',(-1.,0.,0.));
#1699=DIRECTION('',(0.,-0.996194698091746,-0.0871557427476533));
#1700=DIRECTION('center_axis',(0.,0.0871557427476582,-0.996194698091746));
#1701=DIRECTION('ref_axis',(1.,0.,0.));
#1702=DIRECTION('',(0.,-0.996194698091746,-0.0871557427476582));
#1703=DIRECTION('',(1.,0.,0.));
#1704=DIRECTION('',(0.,-0.996194698091746,-0.0871557427476582));
#1705=DIRECTION('center_axis',(-1.,0.,0.));
#1706=DIRECTION('ref_axis',(0.,0.0871557427476582,-0.996194698091746));
#1707=DIRECTION('',(0.,-0.996194698091746,-0.0871557427476582));
#1708=DIRECTION('',(0.,0.0871557427476582,-0.996194698091746));
#1709=DIRECTION('',(0.,-0.996194698091746,-0.0871557427476582));
#1710=DIRECTION('center_axis',(1.97215226305253E-31,0.0871557427476582,
-0.996194698091746));
#1711=DIRECTION('ref_axis',(1.,-6.47830691690955E-15,-5.66778414071166E-16));
#1712=DIRECTION('',(-0.17364817766693,0.981060262190407,0.0858316511774313));
#1713=DIRECTION('',(0.707106781186548,-0.704416026402759,-0.0616284167162194));
#1714=DIRECTION('center_axis',(0.,-0.766044443118978,-0.642787609686539));
#1715=DIRECTION('ref_axis',(0.,0.642787609686539,-0.766044443118978));
#1716=DIRECTION('',(1.,-3.14956886418484E-16,3.75351000901515E-16));
#1717=DIRECTION('',(0.,0.642787609686539,-0.766044443118978));
#1718=DIRECTION('',(0.,-0.642787609686539,0.766044443118978));
#1719=DIRECTION('center_axis',(3.14956886418484E-16,1.,0.));
#1720=DIRECTION('ref_axis',(1.,-3.14956886418484E-16,0.));
#1721=DIRECTION('center_axis',(3.14956886418484E-16,1.,0.));
#1722=DIRECTION('ref_axis',(-0.711159533627274,2.01497753809017E-16,-0.703030666280667));
#1723=DIRECTION('center_axis',(3.14956886418484E-16,1.,0.));
#1724=DIRECTION('ref_axis',(0.711159533627273,-2.01497753809025E-16,-0.703030666280668));
#1725=DIRECTION('',(-0.0153660945517691,4.83965729643724E-18,0.999881934599394));
#1726=DIRECTION('center_axis',(3.14956886418484E-16,1.,0.));
#1727=DIRECTION('ref_axis',(0.700229611467759,-2.01659177239682E-16,0.713917706198489));
#1728=DIRECTION('',(1.,-3.08693539245389E-16,0.));
#1729=DIRECTION('center_axis',(3.14956886418484E-16,1.,0.));
#1730=DIRECTION('ref_axis',(-0.700229611467759,2.01659177239686E-16,0.713917706198488));
#1731=DIRECTION('',(-0.0153660945517691,4.83965729643724E-18,-0.999881934599394));
#1732=DIRECTION('center_axis',(0.173007208809882,-0.969957401683893,-0.171029660054755));
#1733=DIRECTION('ref_axis',(0.691153769461009,0.24327436619211,-0.680532181247636));
#1734=DIRECTION('',(0.173007208809882,-0.969957401683893,-0.171029660054755));
#1735=DIRECTION('center_axis',(0.984807753012208,0.172987393925089,0.0151344359013385));
#1736=DIRECTION('ref_axis',(0.0151344359013385,0.00131905300204798,-0.999884597815731));
#1737=DIRECTION('',(-0.167900917937428,0.97082729994395,-0.171183046588467));
#1738=DIRECTION('center_axis',(-0.167900917937428,0.97082729994395,-0.171183046588467));
#1739=DIRECTION('ref_axis',(0.681224197500344,0.239779325823311,0.691693188955719));
#1740=DIRECTION('',(0.167900917937428,-0.97082729994395,0.171183046588467));
#1741=DIRECTION('center_axis',(5.36040705475167E-17,0.17364817766693,0.984807753012208));
#1742=DIRECTION('ref_axis',(-3.04838086733487E-16,-0.984807753012208,0.17364817766693));
#1743=DIRECTION('',(0.167900917937429,0.97082729994395,-0.171183046588467));
#1744=DIRECTION('center_axis',(-0.167900917937429,-0.97082729994395,0.171183046588467));
#1745=DIRECTION('ref_axis',(-0.68122419750033,0.239779325823313,0.691693188955731));
#1746=DIRECTION('',(-0.167900917937429,-0.97082729994395,0.171183046588467));
#1747=DIRECTION('center_axis',(-0.984807753012208,0.17298739392509,0.0151344359013385));
#1748=DIRECTION('ref_axis',(0.0151344359013387,-0.0013190530020472,0.999884597815731));
#1749=DIRECTION('',(0.173007208809883,0.969957401683893,0.171029660054755));
#1750=DIRECTION('center_axis',(-0.173007208809883,-0.969957401683893,-0.171029660054755));
#1751=DIRECTION('ref_axis',(-0.691153769461041,0.243274366192098,-0.680532181247608));
#1752=DIRECTION('center_axis',(1.,-1.58128787691702E-18,1.8074203138884E-17));
#1753=DIRECTION('ref_axis',(-1.81432436586E-17,-0.0871557427476582,0.996194698091746));
#1754=DIRECTION('',(0.,-0.996194698091746,-0.0871557427476582));
#1755=DIRECTION('',(-1.81432436586E-17,-0.0871557427476582,0.996194698091746));
#1756=DIRECTION('center_axis',(0.,-0.766044443118975,0.642787609686543));
#1757=DIRECTION('ref_axis',(0.,-0.642787609686543,-0.766044443118975));
#1758=DIRECTION('',(0.,0.642787609686543,0.766044443118975));
#1759=DIRECTION('',(1.,5.4380941135165E-17,6.48086819664866E-17));
#1760=DIRECTION('center_axis',(1.,0.,0.));
#1761=DIRECTION('ref_axis',(0.,-0.0871557427476463,0.996194698091747));
#1762=DIRECTION('',(0.,-0.984807753012207,-0.173648177666937));
#1763=DIRECTION('center_axis',(5.36040705475167E-17,0.17364817766693,0.984807753012208));
#1764=DIRECTION('ref_axis',(-3.04838086733487E-16,-0.984807753012208,0.17364817766693));
#1765=DIRECTION('',(0.,-0.984807753012208,0.17364817766693));
#1766=DIRECTION('',(1.,-3.14956886418484E-16,1.10439709616072E-18));
#1767=DIRECTION('',(0.167900917937429,0.97082729994395,-0.171183046588467));
#1768=DIRECTION('center_axis',(-0.984807753012208,0.17298739392509,0.0151344359013385));
#1769=DIRECTION('ref_axis',(0.0151344359013387,-0.0013190530020472,0.999884597815731));
#1770=DIRECTION('',(-0.0153660945517691,4.83965729643724E-18,-0.999881934599394));
#1771=DIRECTION('',(0.173648177666931,0.981060262190407,0.0858316511774316));
#1772=DIRECTION('center_axis',(0.,-0.0871557427476582,0.996194698091746));
#1773=DIRECTION('ref_axis',(-1.,0.,0.));
#1774=DIRECTION('',(-1.,3.14956886418484E-16,2.75551570610394E-17));
#1775=DIRECTION('',(-0.707106781186548,-0.704416026402759,-0.0616284167162194));
#1776=DIRECTION('center_axis',(0.707106781186548,-0.704416026402759,-0.0616284167162194));
#1777=DIRECTION('ref_axis',(6.93889390390723E-18,0.0871557427476582,-0.996194698091746));
#1778=DIRECTION('',(0.0868265938642476,-2.73466336618057E-17,0.996223440096615));
#1779=DIRECTION('',(1.3004911767566E-16,0.0871557427476583,-0.996194698091746));
#1780=DIRECTION('center_axis',(-0.984807753012208,0.17298739392509,0.0151344359013385));
#1781=DIRECTION('ref_axis',(0.0151344359013387,-0.0013190530020472,0.999884597815731));
#1782=DIRECTION('',(-0.0153660945517691,4.83965729643724E-18,-0.999881934599394));
#1783=DIRECTION('',(-0.173007208809883,-0.969957401683893,-0.171029660054755));
#1784=DIRECTION('center_axis',(5.4380941135164E-17,0.173648177666937,-0.984807753012207));
#1785=DIRECTION('ref_axis',(3.04838086733487E-16,0.984807753012207,0.173648177666937));
#1786=DIRECTION('',(-1.,3.14956886418484E-16,3.15542027474505E-19));
#1787=DIRECTION('',(0.173007208809882,-0.969957401683893,-0.171029660054755));
#1788=DIRECTION('center_axis',(0.984807753012208,0.172987393925089,0.0151344359013385));
#1789=DIRECTION('ref_axis',(0.0151344359013385,0.00131905300204798,-0.999884597815731));
#1790=DIRECTION('',(0.0153660945517691,-4.83965729643724E-18,-0.999881934599394));
#1791=DIRECTION('',(6.35123597950896E-17,-0.0871557427476583,0.996194698091746));
#1792=DIRECTION('center_axis',(-0.707106781186548,-0.704416026402759,-0.0616284167162194));
#1793=DIRECTION('ref_axis',(0.,0.0871557427476582,-0.996194698091746));
#1794=DIRECTION('',(-0.0868265938642477,2.73466336618057E-17,0.996223440096615));
#1795=DIRECTION('',(-0.707106781186548,0.704416026402759,0.0616284167162194));
#1796=DIRECTION('center_axis',(0.,-0.0871557427476582,0.996194698091746));
#1797=DIRECTION('ref_axis',(-1.,0.,0.));
#1798=DIRECTION('',(1.,-3.14956886418484E-16,-2.75551570610394E-17));
#1799=DIRECTION('',(0.17364817766693,-0.981060262190407,-0.0858316511774313));
#1800=DIRECTION('center_axis',(0.984807753012208,0.172987393925089,0.0151344359013385));
#1801=DIRECTION('ref_axis',(0.0151344359013385,0.00131905300204798,-0.999884597815731));
#1802=DIRECTION('',(0.0153660945517691,-4.83965729643724E-18,-0.999881934599394));
#1803=DIRECTION('',(-0.167900917937428,0.97082729994395,-0.171183046588467));
#1804=DIRECTION('center_axis',(5.36040705475167E-17,0.17364817766693,0.984807753012208));
#1805=DIRECTION('ref_axis',(-3.04838086733487E-16,-0.984807753012208,0.17364817766693));
#1806=DIRECTION('',(1.,-3.14956886418484E-16,1.10439709616072E-18));
#1807=DIRECTION('',(0.,0.984807753012208,-0.17364817766693));
#1808=DIRECTION('center_axis',(1.,0.,0.));
#1809=DIRECTION('ref_axis',(0.,-0.0871557427476582,0.996194698091746));
#1810=DIRECTION('',(0.,0.,1.));
#1811=DIRECTION('center_axis',(-1.,0.,0.));
#1812=DIRECTION('ref_axis',(0.,0.0871557427476584,-0.996194698091746));
#1813=DIRECTION('',(0.,0.,-1.));
#1814=DIRECTION('center_axis',(3.14956886418484E-16,1.,0.));
#1815=DIRECTION('ref_axis',(1.,-3.14956886418484E-16,0.));
#1816=CARTESIAN_POINT('',(0.,0.,0.));
#1817=CARTESIAN_POINT('Origin',(-2.77531742098252,13.0341466857295,-5.83777412259719));
#1818=CARTESIAN_POINT('',(-0.975317421006718,26.3672521308646,-158.235866718724));
#1819=CARTESIAN_POINT('',(-2.77531742100672,26.3672521308646,-158.235866718724));
#1820=CARTESIAN_POINT('',(-2.32531742099462,26.3672521308646,-158.235866718724));
#1821=CARTESIAN_POINT('',(-2.77531742098252,13.0341466857295,-5.83777412259719));
#1822=CARTESIAN_POINT('',(-2.77531742098252,13.0341466857295,-5.83777412259719));
#1823=CARTESIAN_POINT('',(-0.975317420982516,13.0341466857295,-5.83777412259719));
#1824=CARTESIAN_POINT('',(-0.975317420982516,13.0341466857295,-5.83777412259719));
#1825=CARTESIAN_POINT('',(-0.975317420982516,13.0341466857295,-5.83777412259719));
#1826=CARTESIAN_POINT('Origin',(-2.77531742098252,11.041757289546,-6.01208560809223));
#1827=CARTESIAN_POINT('',(-2.77531742100672,24.3748627346811,-158.410178204219));
#1828=CARTESIAN_POINT('',(-2.77531742100672,24.872960083727,-158.366600332845));
#1829=CARTESIAN_POINT('',(-2.77531742098252,11.041757289546,-6.01208560809223));
#1830=CARTESIAN_POINT('',(-2.77531742099661,18.8006349585366,-94.6964631753818));
#1831=CARTESIAN_POINT('',(-2.77531742098252,13.0341466857295,-5.83777412259719));
#1832=CARTESIAN_POINT('Origin',(-0.975317420982516,13.0341466857295,-5.83777412259719));
#1833=CARTESIAN_POINT('',(-0.975317421006718,24.3748627346811,-158.410178204219));
#1834=CARTESIAN_POINT('',(-0.975317421006718,25.8691547818187,-158.279444590097));
#1835=CARTESIAN_POINT('',(-0.975317420982516,11.041757289546,-6.01208560809251));
#1836=CARTESIAN_POINT('',(-0.975317420982516,11.041757289546,-6.01208560809251));
#1837=CARTESIAN_POINT('',(-0.975317420996653,18.8006349585366,-94.6964631753821));
#1838=CARTESIAN_POINT('Origin',(445.6,26.5595126275332,-183.380840742742));
#1839=CARTESIAN_POINT('',(-3.97531742098224,24.3748627346811,-158.410178204219));
#1840=CARTESIAN_POINT('',(-3.97531742098224,24.3748627346811,-158.410178204219));
#1841=CARTESIAN_POINT('',(-3.97531742098275,25.2374769104531,-168.269903352971));
#1842=CARTESIAN_POINT('',(-3.97531742098277,25.8879323884879,-175.704643484952));
#1843=CARTESIAN_POINT('',(-0.0756222622021374,24.8977971911661,-164.387346392759));
#1844=CARTESIAN_POINT('Ctrl Pts',(-3.97531742098277,25.2374769104531,-168.269903352971));
#1845=CARTESIAN_POINT('Ctrl Pts',(-2.52869690848546,25.111430911076,-166.829190987537));
#1846=CARTESIAN_POINT('Ctrl Pts',(-0.686407923146666,24.9509640852965,-164.995046776019));
#1847=CARTESIAN_POINT('Ctrl Pts',(-0.0756222627479528,24.8977971908939,
-164.387346392222));
#1848=CARTESIAN_POINT('',(1.42767096090986,24.8977971911661,-164.387346392759));
#1849=CARTESIAN_POINT('',(-3.97531742098326,24.8977971911661,-164.387346392759));
#1850=CARTESIAN_POINT('',(1.42767096090986,24.9849529339137,-165.38354109085));
#1851=CARTESIAN_POINT('',(1.42767096091031,24.8977971911661,-164.387346392759));
#1852=CARTESIAN_POINT('',(1.42767096091033,25.3864020237993,-169.972125185138));
#1853=CARTESIAN_POINT('',(1.42767096090986,24.8977971911661,-164.387346392759));
#1854=CARTESIAN_POINT('',(-4.59994129708441,25.3864020237993,-169.972125185138));
#1855=CARTESIAN_POINT('',(445.6,25.3864020237992,-169.972125185138));
#1856=CARTESIAN_POINT('',(-5.59999999999999,25.3002374518436,-168.987259621039));
#1857=CARTESIAN_POINT('Origin',(-4.58457338811425,25.2989133602734,-168.972125185138));
#1858=CARTESIAN_POINT('',(-5.59999999999999,10.1120064435204,4.61501519051779));
#1859=CARTESIAN_POINT('',(-5.59999999999999,25.8879323884879,-175.704643484952));
#1860=CARTESIAN_POINT('',(-4.630210168887,10.0258314389454,5.6));
#1861=CARTESIAN_POINT('Origin',(-4.58457338811425,10.116061703398,4.56866335801481));
#1862=CARTESIAN_POINT('',(444.630210168887,10.0258314389453,5.6));
#1863=CARTESIAN_POINT('',(220.,10.0258314389454,5.6));
#1864=CARTESIAN_POINT('',(445.6,10.1120064435202,4.61501519051778));
#1865=CARTESIAN_POINT('Origin',(444.584573388114,10.1160617033979,4.56866335801479));
#1866=CARTESIAN_POINT('',(445.6,25.3002374518435,-168.987259621039));
#1867=CARTESIAN_POINT('',(445.6,18.2659874916105,-88.5854146648791));
#1868=CARTESIAN_POINT('',(444.599941297084,25.3864020237992,-169.972125185138));
#1869=CARTESIAN_POINT('Origin',(444.584573388114,25.2989133602732,-168.972125185138));
#1870=CARTESIAN_POINT('',(14.7523290390897,25.3864020237993,-169.972125185138));
#1871=CARTESIAN_POINT('',(445.6,25.3864020237992,-169.972125185138));
#1872=CARTESIAN_POINT('',(14.7523290390892,24.9849529339137,-165.38354109085));
#1873=CARTESIAN_POINT('',(14.7523290390892,24.8977971911661,-164.387346392759));
#1874=CARTESIAN_POINT('',(14.7523290390892,24.8977971911661,-164.387346392759));
#1875=CARTESIAN_POINT('',(14.7523290390897,24.8977971911661,-164.387346392759));
#1876=CARTESIAN_POINT('',(413.975317420984,24.8977971911661,-164.387346392759));
#1877=CARTESIAN_POINT('',(14.7523290390892,24.8977971911661,-164.387346392759));
#1878=CARTESIAN_POINT('',(413.975317420983,25.2464201621576,-168.372125185136));
#1879=CARTESIAN_POINT('',(413.975317420983,24.7106400619868,-162.248130617405));
#1880=CARTESIAN_POINT('',(443.975317420983,25.2464201621577,-168.372125185138));
#1881=CARTESIAN_POINT('',(220.,25.2464201621578,-168.372125185138));
#1882=CARTESIAN_POINT('',(443.975317420983,24.3748627346811,-158.410178204219));
#1883=CARTESIAN_POINT('',(443.975317420983,18.2659874916105,-88.5854146648791));
#1884=CARTESIAN_POINT('',(440.1,24.374862734681,-158.410178204217));
#1885=CARTESIAN_POINT('',(443.975317420983,24.3748627346811,-158.410178204219));
#1886=CARTESIAN_POINT('',(440.1,11.0417572895458,-6.01208560809071));
#1887=CARTESIAN_POINT('',(440.1,25.467187681107,-170.89550947348));
#1888=CARTESIAN_POINT('',(443.975317420983,11.041757289546,-6.01208560809223));
#1889=CARTESIAN_POINT('',(438.,11.041757289546,-6.01208560809223));
#1890=CARTESIAN_POINT('',(443.975317420983,10.1701998620694,3.94986137282368));
#1891=CARTESIAN_POINT('',(443.975317420983,18.2659874916105,-88.5854146648791));
#1892=CARTESIAN_POINT('',(413.975317420983,10.1701998620695,3.94986137282374));
#1893=CARTESIAN_POINT('',(220.,10.1701998620695,3.94986137282366));
#1894=CARTESIAN_POINT('',(413.975317420983,10.496806179646,0.216734080512215));
#1895=CARTESIAN_POINT('',(413.975317420983,10.1701998620695,3.94986137282374));
#1896=CARTESIAN_POINT('',(16.0246825790178,10.496806179646,0.216734080512207));
#1897=CARTESIAN_POINT('',(429.787658710492,10.4968061796459,0.216734080512226));
#1898=CARTESIAN_POINT('',(16.0246825790178,10.1701998620695,3.94986137282373));
#1899=CARTESIAN_POINT('',(16.0246825790178,10.7059799622404,-2.17413319490803));
#1900=CARTESIAN_POINT('',(-3.9753174209828,10.1701998620696,3.94986137282368));
#1901=CARTESIAN_POINT('',(220.,10.1701998620695,3.94986137282366));
#1902=CARTESIAN_POINT('',(-3.97531742098252,11.041757289546,-6.01208560809223));
#1903=CARTESIAN_POINT('',(-3.97531742098277,25.8879323884879,-175.704643484952));
#1904=CARTESIAN_POINT('',(2.00000000000039,11.041757289546,-6.01208560809223));
#1905=CARTESIAN_POINT('Origin',(445.6,26.5595126275332,-183.380840742742));
#1906=CARTESIAN_POINT('',(-0.0999999999992177,11.041757289546,-6.01208560809223));
#1907=CARTESIAN_POINT('',(2.00000000000039,11.041757289546,-6.01208560809223));
#1908=CARTESIAN_POINT('',(-0.0999999999992177,24.3748627346811,-158.410178204219));
#1909=CARTESIAN_POINT('',(-0.0999999999991985,18.8006349585397,-94.6964631754171));
#1910=CARTESIAN_POINT('',(-3.97531742098224,24.3748627346811,-158.410178204219));
#1911=CARTESIAN_POINT('Origin',(3.41999999999955,25.0721312633321,-164.372094137778));
#1912=CARTESIAN_POINT('',(-4.09149967065228,24.595049425722,-168.486979420416));
#1913=CARTESIAN_POINT('Ctrl Pts',(-4.09149967065228,24.595049425722,-168.486979420416));
#1914=CARTESIAN_POINT('Ctrl Pts',(-4.03278603885557,24.918475725285,-168.363224092774));
#1915=CARTESIAN_POINT('Ctrl Pts',(-3.97531742098275,25.2374769104531,-168.269903352971));
#1916=CARTESIAN_POINT('',(3.41999999999955,17.3108781829958,-169.771375342609));
#1917=CARTESIAN_POINT('Origin',(3.41999999999955,24.7670861637154,-168.456644701834));
#1918=CARTESIAN_POINT('',(3.41999999999955,21.585449820011,-164.677139237395));
#1919=CARTESIAN_POINT('',(3.41999999999955,21.585449820011,-164.677139237395));
#1920=CARTESIAN_POINT('Origin',(3.41999999999955,25.0721312633321,-164.372094137778));
#1921=CARTESIAN_POINT('Origin',(16.0246825790173,21.5854498200109,-164.677139237395));
#1922=CARTESIAN_POINT('',(16.0246825790178,17.3108781829958,-169.771375342609));
#1923=CARTESIAN_POINT('',(5.21234128950868,17.3108781829958,-169.771375342609));
#1924=CARTESIAN_POINT('',(16.0246825790173,21.585449820011,-164.677139237395));
#1925=CARTESIAN_POINT('',(16.0246825790178,22.8291031131844,-163.195010957314));
#1926=CARTESIAN_POINT('',(3.41999999999955,21.585449820011,-164.677139237395));
#1927=CARTESIAN_POINT('Origin',(11.26,28.6185843885387,-164.061819693596));
#1928=CARTESIAN_POINT('',(4.92,28.6185843885387,-164.061819693596));
#1929=CARTESIAN_POINT('',(11.26,28.6185843885387,-164.061819693596));
#1930=CARTESIAN_POINT('',(11.26,28.6185843885387,-164.061819693596));
#1931=CARTESIAN_POINT('',(4.92,28.7057401312864,-165.058014391688));
#1932=CARTESIAN_POINT('',(4.92,28.6185843885387,-164.061819693596));
#1933=CARTESIAN_POINT('',(11.26,28.7057401312864,-165.058014391688));
#1934=CARTESIAN_POINT('',(11.26,28.7057401312864,-165.058014391688));
#1935=CARTESIAN_POINT('',(11.26,28.6185843885387,-164.061819693596));
#1936=CARTESIAN_POINT('Origin',(11.26,27.1242923414011,-164.192553307718));
#1937=CARTESIAN_POINT('',(12.76,27.1242923414011,-164.192553307718));
#1938=CARTESIAN_POINT('Origin',(11.26,27.1242923414011,-164.192553307718));
#1939=CARTESIAN_POINT('',(12.76,27.2114480841487,-165.188748005809));
#1940=CARTESIAN_POINT('Origin',(11.26,27.2114480841487,-165.188748005809));
#1941=CARTESIAN_POINT('',(12.76,27.1242923414011,-164.192553307718));
#1942=CARTESIAN_POINT('Origin',(12.76,26.5664233104697,-164.241360523656));
#1943=CARTESIAN_POINT('',(12.76,26.5664233104697,-164.241360523656));
#1944=CARTESIAN_POINT('',(12.76,26.5664233104697,-164.241360523656));
#1945=CARTESIAN_POINT('',(12.76,26.6535790532174,-165.237555221748));
#1946=CARTESIAN_POINT('',(12.76,26.6535790532174,-165.237555221748));
#1947=CARTESIAN_POINT('',(12.76,26.5664233104697,-164.241360523656));
#1948=CARTESIAN_POINT('Origin',(11.26,26.5664233104697,-164.241360523656));
#1949=CARTESIAN_POINT('',(11.26,25.0721312633321,-164.372094137778));
#1950=CARTESIAN_POINT('Origin',(11.26,26.5664233104697,-164.241360523656));
#1951=CARTESIAN_POINT('',(11.26,25.1592870060798,-165.36828883587));
#1952=CARTESIAN_POINT('Origin',(11.26,26.6535790532174,-165.237555221748));
#1953=CARTESIAN_POINT('',(11.26,25.0721312633321,-164.372094137778));
#1954=CARTESIAN_POINT('Origin',(4.92,25.0721312633321,-164.372094137778));
#1955=CARTESIAN_POINT('',(4.92,25.0721312633321,-164.372094137778));
#1956=CARTESIAN_POINT('',(4.92,25.0721312633321,-164.372094137778));
#1957=CARTESIAN_POINT('',(4.92,25.1592870060798,-165.36828883587));
#1958=CARTESIAN_POINT('',(4.92,25.1592870060798,-165.36828883587));
#1959=CARTESIAN_POINT('',(4.92,25.0721312633321,-164.372094137778));
#1960=CARTESIAN_POINT('Origin',(4.92,26.5664233104697,-164.241360523656));
#1961=CARTESIAN_POINT('',(3.42,26.5664233104697,-164.241360523656));
#1962=CARTESIAN_POINT('Origin',(4.92,26.5664233104697,-164.241360523656));
#1963=CARTESIAN_POINT('',(3.42,26.6535790532174,-165.237555221748));
#1964=CARTESIAN_POINT('Origin',(4.92,26.6535790532174,-165.237555221748));
#1965=CARTESIAN_POINT('',(3.42,26.5664233104697,-164.241360523656));
#1966=CARTESIAN_POINT('Origin',(3.42,27.1242923414011,-164.192553307718));
#1967=CARTESIAN_POINT('',(3.42,27.1242923414011,-164.192553307718));
#1968=CARTESIAN_POINT('',(3.42,27.1242923414011,-164.192553307718));
#1969=CARTESIAN_POINT('',(3.42,27.2114480841487,-165.188748005809));
#1970=CARTESIAN_POINT('',(3.42,27.2114480841487,-165.188748005809));
#1971=CARTESIAN_POINT('',(3.42,27.1242923414011,-164.192553307718));
#1972=CARTESIAN_POINT('Origin',(4.92,27.1242923414011,-164.192553307718));
#1973=CARTESIAN_POINT('Origin',(4.92,27.1242923414011,-164.192553307718));
#1974=CARTESIAN_POINT('Origin',(4.92,27.2114480841487,-165.188748005809));
#1975=CARTESIAN_POINT('Origin',(2.41999999999999,30.6109737847222,-163.887508208101));
#1976=CARTESIAN_POINT('',(2.41999999999999,30.6109737847222,-163.887508208101));
#1977=CARTESIAN_POINT('',(13.76,30.6109737847222,-163.887508208101));
#1978=CARTESIAN_POINT('',(2.41999999999999,30.6109737847222,-163.887508208101));
#1979=CARTESIAN_POINT('',(13.76,30.6981295274699,-164.883702906193));
#1980=CARTESIAN_POINT('',(13.76,30.6109737847222,-163.887508208101));
#1981=CARTESIAN_POINT('',(2.41999999999999,30.6981295274699,-164.883702906193));
#1982=CARTESIAN_POINT('',(2.41999999999999,30.6981295274699,-164.883702906193));
#1983=CARTESIAN_POINT('',(2.41999999999999,30.6109737847222,-163.887508208101));
#1984=CARTESIAN_POINT('Origin',(2.41999999999999,29.6147790866304,-163.974663950848));
#1985=CARTESIAN_POINT('',(1.41999999999999,29.6147790866304,-163.974663950848));
#1986=CARTESIAN_POINT('Origin',(2.41999999999999,29.6147790866304,-163.974663950848));
#1987=CARTESIAN_POINT('',(1.41999999999999,29.7019348293781,-164.97085864894));
#1988=CARTESIAN_POINT('Origin',(2.41999999999999,29.7019348293781,-164.97085864894));
#1989=CARTESIAN_POINT('',(1.41999999999999,29.6147790866304,-163.974663950848));
#1990=CARTESIAN_POINT('Origin',(1.41999999999999,25.0721312633321,-164.372094137778));
#1991=CARTESIAN_POINT('',(1.41999999999999,25.0721312633321,-164.372094137778));
#1992=CARTESIAN_POINT('',(1.41999999999999,25.0721312633321,-164.372094137778));
#1993=CARTESIAN_POINT('',(1.41999999999999,25.1592870060798,-165.36828883587));
#1994=CARTESIAN_POINT('',(1.41999999999999,25.1592870060798,-165.36828883587));
#1995=CARTESIAN_POINT('',(1.41999999999999,25.0721312633321,-164.372094137778));
#1996=CARTESIAN_POINT('Origin',(3.41999999999999,25.0721312633321,-164.372094137778));
#1997=CARTESIAN_POINT('Origin',(3.41999999999999,25.0721312633321,-164.372094137778));
#1998=CARTESIAN_POINT('Origin',(3.41999999999999,25.1592870060798,-165.36828883587));
#1999=CARTESIAN_POINT('Origin',(12.76,25.0721312633321,-164.372094137778));
#2000=CARTESIAN_POINT('',(14.76,25.1592870060797,-165.36828883587));
#2001=CARTESIAN_POINT('Origin',(12.76,25.1592870060797,-165.36828883587));
#2002=CARTESIAN_POINT('',(14.76,25.0721312633321,-164.372094137778));
#2003=CARTESIAN_POINT('',(14.76,25.0721312633321,-164.372094137778));
#2004=CARTESIAN_POINT('Origin',(12.76,25.0721312633321,-164.372094137778));
#2005=CARTESIAN_POINT('Origin',(14.76,29.6147790866304,-163.974663950848));
#2006=CARTESIAN_POINT('',(14.76,29.6147790866304,-163.974663950848));
#2007=CARTESIAN_POINT('',(14.76,29.6147790866304,-163.974663950848));
#2008=CARTESIAN_POINT('',(14.76,29.7019348293781,-164.97085864894));
#2009=CARTESIAN_POINT('',(14.76,29.7019348293781,-164.97085864894));
#2010=CARTESIAN_POINT('',(14.76,29.6147790866304,-163.974663950848));
#2011=CARTESIAN_POINT('Origin',(13.76,29.6147790866304,-163.974663950848));
#2012=CARTESIAN_POINT('Origin',(13.76,29.6147790866304,-163.974663950848));
#2013=CARTESIAN_POINT('Origin',(13.76,29.7019348293781,-164.97085864894));
#2014=CARTESIAN_POINT('Origin',(8.09,26.9325135686831,-165.213151613779));
#2015=CARTESIAN_POINT('',(12.76,23.1668976098963,-165.542600321365));
#2016=CARTESIAN_POINT('Origin',(12.76,25.1592870060797,-165.36828883587));
#2017=CARTESIAN_POINT('',(3.41999999999999,23.1668976098963,-165.542600321365));
#2018=CARTESIAN_POINT('',(12.76,23.1668976098963,-165.542600321365));
#2019=CARTESIAN_POINT('Origin',(3.41999999999999,25.1592870060798,-165.36828883587));
#2020=CARTESIAN_POINT('Origin',(16.0246825790178,24.7106400619868,-162.248130617405));
#2021=CARTESIAN_POINT('',(16.0246825790184,23.4035051440285,-164.51808000688));
#2022=CARTESIAN_POINT('',(16.0246825790178,25.4980044967663,-164.334835057753));
#2023=CARTESIAN_POINT('',(16.0246825790178,16.0949394803228,-169.985778142778));
#2024=CARTESIAN_POINT('',(16.0246825790178,12.8560722374264,-170.556877824633));
#2025=CARTESIAN_POINT('',(16.0246825790178,22.4193922563758,-162.448588825724));
#2026=CARTESIAN_POINT('',(16.0246825790178,21.9542235695144,-163.002955279454));
#2027=CARTESIAN_POINT('',(16.0246825790184,23.2163480148491,-162.378864231526));
#2028=CARTESIAN_POINT('',(16.0246825790178,24.7106400619868,-162.248130617405));
#2029=CARTESIAN_POINT('',(16.0246825790178,23.263137297144,-162.913668175364));
#2030=CARTESIAN_POINT('Origin',(3.41999999999999,25.1592870060798,-165.36828883587));
#2031=CARTESIAN_POINT('',(3.42000000000001,23.582262579281,-170.290243646167));
#2032=CARTESIAN_POINT('',(3.41999999999999,23.1668976098963,-165.542600321365));
#2033=CARTESIAN_POINT('Origin',(3.42,25.5594016965613,-169.941620675176));
#2034=CARTESIAN_POINT('Origin',(12.76,23.1668976098963,-165.542600321365));
#2035=CARTESIAN_POINT('',(12.76,23.582262579281,-170.290243646167));
#2036=CARTESIAN_POINT('',(12.76,23.1668976098963,-165.542600321365));
#2037=CARTESIAN_POINT('',(3.58,23.582262579281,-170.290243646167));
#2038=CARTESIAN_POINT('Origin',(12.76,25.1592870060797,-165.36828883587));
#2039=CARTESIAN_POINT('Origin',(12.76,25.5594016965613,-169.941620675176));
#2040=CARTESIAN_POINT('Origin',(-5.6,2.99999999999986,-173.919451862921));
#2041=CARTESIAN_POINT('',(448.592909362187,2.99999999999972,-173.919451862921));
#2042=CARTESIAN_POINT('',(439.104012934488,56.1990856749316,-164.539017709409));
#2043=CARTESIAN_POINT('',(-8.59290936218671,2.99999999999987,-173.919451862921));
#2044=CARTESIAN_POINT('',(-5.6,2.99999999999986,-173.919451862921));
#2045=CARTESIAN_POINT('',(-8.47412739108916,3.66594596170416,-173.802027622178));
#2046=CARTESIAN_POINT('Origin',(-0.0999999999992177,11.041757289546,-6.01208560809223));
#2047=CARTESIAN_POINT('',(-0.0999999999992177,9.54746524240834,-6.14281922221371));
#2048=CARTESIAN_POINT('',(-0.0999999999992177,11.041757289546,-6.01208560809223));
#2049=CARTESIAN_POINT('',(-0.0999999999992177,22.8805706875435,-158.54091181834));
#2050=CARTESIAN_POINT('',(-0.0999999999992177,9.00251413250837,0.0860004663907198));
#2051=CARTESIAN_POINT('',(-0.0999999999992174,24.3748627346811,-158.410178204219));
#2052=CARTESIAN_POINT('Origin',(0.950000000000866,16.2140179649759,-82.341865520277));
#2053=CARTESIAN_POINT('',(2.00000000000041,9.54746524240833,-6.14281922221371));
#2054=CARTESIAN_POINT('',(1.47500000000063,9.54746524240833,-6.14281922221371));
#2055=CARTESIAN_POINT('',(2.00000000000095,22.8805706875434,-158.54091181834));
#2056=CARTESIAN_POINT('',(2.00000000000039,19.5472943262596,-120.441388669309));
#2057=CARTESIAN_POINT('',(-1.51265871049069,22.8805706875434,-158.54091181834));
#2058=CARTESIAN_POINT('Origin',(16.0246825790184,24.8977971911661,-164.387346392759));
#2059=CARTESIAN_POINT('',(413.975317420984,23.4035051440285,-164.51808000688));
#2060=CARTESIAN_POINT('',(-0.0999999999992177,23.4035051440285,-164.51808000688));
#2061=CARTESIAN_POINT('',(413.975317420983,24.897797191166,-164.387346392759));
#2062=CARTESIAN_POINT('Origin',(215.000000000001,23.3099265794388,-163.448472119202));
#2063=CARTESIAN_POINT('',(413.975317420984,23.216348014849,-162.378864231525));
#2064=CARTESIAN_POINT('',(314.487658710492,23.2163480148492,-162.378864231526));
#2065=CARTESIAN_POINT('',(413.975317420983,23.5310273472294,-165.97566545923));
#2066=CARTESIAN_POINT('Origin',(413.975317420983,10.496806179646,0.216734080512215));
#2067=CARTESIAN_POINT('',(413.975317420983,9.00251413250837,0.0860004663907287));
#2068=CARTESIAN_POINT('',(413.975317420983,10.496806179646,0.216734080512215));
#2069=CARTESIAN_POINT('',(16.0246825790178,9.00251413250837,0.0860004663907201));
#2070=CARTESIAN_POINT('',(440.1,9.00251413250837,0.0860004663907294));
#2071=CARTESIAN_POINT('',(16.0246825790178,10.496806179646,0.216734080512206));
#2072=CARTESIAN_POINT('Origin',(215.000000000001,9.10710102380556,-1.10943317131936));
#2073=CARTESIAN_POINT('',(413.975317420983,9.21168791510263,-2.30486680902806));
#2074=CARTESIAN_POINT('',(413.975317420983,9.15939446945416,-1.70714999017444));
#2075=CARTESIAN_POINT('',(16.0246825790178,9.21168791510275,-2.30486680902946));
#2076=CARTESIAN_POINT('',(115.512341289509,9.21168791510275,-2.30486680902951));
#2077=CARTESIAN_POINT('',(16.0246825790178,8.89150441936872,1.35484729369144));
#2078=CARTESIAN_POINT('Origin',(440.1,24.374862734681,-158.410178204217));
#2079=CARTESIAN_POINT('',(440.1,22.8805706875433,-158.540911818339));
#2080=CARTESIAN_POINT('',(440.1,24.3748627346811,-158.410178204219));
#2081=CARTESIAN_POINT('',(440.1,9.5474652424082,-6.14281922221219));
#2082=CARTESIAN_POINT('',(440.1,23.4035051440285,-164.51808000688));
#2083=CARTESIAN_POINT('',(440.1,11.041757289546,-6.01208560809223));
#2084=CARTESIAN_POINT('Origin',(439.05,16.2140179649759,-82.3418655202755));
#2085=CARTESIAN_POINT('',(438.000000000001,22.8805706875433,-158.540911818339));
#2086=CARTESIAN_POINT('',(438.525,22.8805706875435,-158.54091181834));
#2087=CARTESIAN_POINT('',(438.,9.5474652424082,-6.14281922221222));
#2088=CARTESIAN_POINT('',(438.,12.8807416036922,-44.2423423712446));
#2089=CARTESIAN_POINT('',(441.512658710492,9.54746524240853,-6.14281922221369));
#2090=CARTESIAN_POINT('Origin',(-3.97531742098224,24.3748627346811,-158.410178204219));
#2091=CARTESIAN_POINT('',(2.00000000000039,22.0836149290701,-158.610636412539));
#2092=CARTESIAN_POINT('',(2.00000000000039,24.3748627346811,-158.410178204219));
#2093=CARTESIAN_POINT('',(-5.74684775045893,14.3662462731385,-159.285818682183));
#2094=CARTESIAN_POINT('',(0.0248737777249436,20.1160046583773,-158.782780005461));
#2095=CARTESIAN_POINT('',(-5.93609518080983,13.2970548993308,-159.379360806531));
#2096=CARTESIAN_POINT('Origin',(413.975317420983,24.7106400619868,-162.248130617405));
#2097=CARTESIAN_POINT('',(413.975317420983,22.4193922563758,-162.448588825724));
#2098=CARTESIAN_POINT('',(16.0246825790178,22.4193922563758,-162.448588825724));
#2099=CARTESIAN_POINT('',(413.975317420983,24.7106400619868,-162.248130617405));
#2100=CARTESIAN_POINT('Origin',(16.0246825790178,10.7059799622404,-2.17413319490803));
#2101=CARTESIAN_POINT('',(413.975317420983,8.41473215662936,-2.37459140322764));
#2102=CARTESIAN_POINT('',(413.975317420983,10.7059799622404,-2.17413319490803));
#2103=CARTESIAN_POINT('',(16.0246825790178,8.41473215662936,-2.37459140322764));
#2104=CARTESIAN_POINT('',(413.975317420983,8.41473215662936,-2.37459140322764));
#2105=CARTESIAN_POINT('',(16.0246825790178,10.7059799622404,-2.17413319490803));
#2106=CARTESIAN_POINT('Origin',(438.,11.041757289546,-6.01208560809223));
#2107=CARTESIAN_POINT('',(438.,22.0836149290701,-158.610636412539));
#2108=CARTESIAN_POINT('',(438.,24.3748627346811,-158.410178204219));
#2109=CARTESIAN_POINT('',(438.,8.75050948393494,-6.21254381641184));
#2110=CARTESIAN_POINT('',(438.,22.0836149290701,-158.610636412539));
#2111=CARTESIAN_POINT('',(438.,11.041757289546,-6.01208560809223));
#2112=CARTESIAN_POINT('Origin',(438.,24.3748627346811,-158.410178204219));
#2113=CARTESIAN_POINT('',(445.746847750459,14.3662462731395,-159.285818682183));
#2114=CARTESIAN_POINT('',(444.804164225884,19.6921262115734,-158.81986456427));
#2115=CARTESIAN_POINT('',(438.48129686703,21.6041495419269,-158.652584198467));
#2116=CARTESIAN_POINT('Origin',(215.000000000001,6.43899998426082,-0.0200054888034684));
#2117=CARTESIAN_POINT('',(16.0246825790178,4.59999999999999,2.17162934922007));
#2118=CARTESIAN_POINT('',(413.975317420983,4.59999999999987,2.17162934922022));
#2119=CARTESIAN_POINT('',(217.5,4.59999999999992,2.17162934922015));
#2120=CARTESIAN_POINT('',(16.0246825790178,6.23243202295068,0.226172621202757));
#2121=CARTESIAN_POINT('',(413.975317420983,7.85085707091389,-1.70259124405186));
#2122=CARTESIAN_POINT('Origin',(220.,2.99999999999993,-82.186062592569));
#2123=CARTESIAN_POINT('',(-9.57759925399115,3.,-172.919393160005));
#2124=CARTESIAN_POINT('Origin',(-8.56193646947931,3.,-172.904025251035));
#2125=CARTESIAN_POINT('',(449.577599253991,2.99999999999986,-172.919393160005));
#2126=CARTESIAN_POINT('Origin',(448.561936469479,2.99999999999986,-172.904025251035));
#2127=CARTESIAN_POINT('',(446.829994675997,2.99999999999986,5.86905381348286));
#2128=CARTESIAN_POINT('',(447.481661219953,2.99999999999986,-36.5353191707736));
#2129=CARTESIAN_POINT('',(445.84530120304,2.99999999999986,6.83884364459584));
#2130=CARTESIAN_POINT('Origin',(445.815269406004,2.99999999999986,5.8234170327101));
#2131=CARTESIAN_POINT('',(-5.84530120303974,3.,6.83884364459584));
#2132=CARTESIAN_POINT('',(-5.6,3.,6.83884364459584));
#2133=CARTESIAN_POINT('',(-6.82999467599737,3.,5.86905381348288));
#2134=CARTESIAN_POINT('Origin',(-5.81526940600424,3.,5.82341703271011));
#2135=CARTESIAN_POINT('',(-8.83058894837676,3.,-124.310938550606));
#2136=CARTESIAN_POINT('Origin',(439.104012934488,56.0254374972646,-163.554209956396));
#2137=CARTESIAN_POINT('',(440.088820687501,56.1984248911897,-163.539075520495));
#2138=CARTESIAN_POINT('Origin',(446.81538027078,3.10592737022056,5.60926744405142));
#2139=CARTESIAN_POINT('',(439.863777212283,43.2796731203161,-1.23333933174639));
#2140=CARTESIAN_POINT('Origin',(438.87896945927,43.1066857263911,-1.24847376764773));
#2141=CARTESIAN_POINT('',(438.87896945927,43.280333904058,-0.263666014635518));
#2142=CARTESIAN_POINT('Origin',(-5.6,10.0258314389454,5.59999999999999));
#2143=CARTESIAN_POINT('',(-2.73453719178457,20.9868857354022,3.66727039052423));
#2144=CARTESIAN_POINT('Origin',(-2.73453719178457,20.8132375577353,2.68246263751204));
#2145=CARTESIAN_POINT('',(-3.71934494479678,20.9862249516604,2.69759707341337));
#2146=CARTESIAN_POINT('Origin',(-9.47256534545641,3.33751630902196,-169.942596334343));
#2147=CARTESIAN_POINT('',(-9.45893514410137,3.66528517796232,-172.802085433265));
#2148=CARTESIAN_POINT('Origin',(-8.47412739108916,3.49229778403723,-172.817219869166));
#2149=CARTESIAN_POINT('Origin',(2.00000000000039,24.3748627346811,-158.410178204219));
#2150=CARTESIAN_POINT('',(2.00000000000039,8.75050948393494,-6.21254381641184));
#2151=CARTESIAN_POINT('',(2.00000000000039,11.041757289546,-6.01208560809223));
#2152=CARTESIAN_POINT('',(2.00000000000039,22.0836149290701,-158.610636412539));
#2153=CARTESIAN_POINT('Origin',(215.000000000001,20.4436600840073,-164.803174740149));
#2154=CARTESIAN_POINT('',(413.975317420983,16.0949394803229,-169.985778142778));
#2155=CARTESIAN_POINT('',(413.975317420983,20.5571699526241,-164.667898946429));
#2156=CARTESIAN_POINT('',(104.7,16.0949394803228,-169.985778142778));
#2157=CARTESIAN_POINT('Origin',(413.975317420983,25.2464201621576,-168.372125185136));
#2158=CARTESIAN_POINT('',(413.975317420983,13.9842915389453,-170.357942321619));
#2159=CARTESIAN_POINT('Origin',(-5.6,9.74799435467834,4.02430759518045));
#2160=CARTESIAN_POINT('',(16.0246825790178,4.59999999999999,4.9320378964451));
#2161=CARTESIAN_POINT('',(16.0246825790178,9.95909710837392,3.98708448400207));
#2162=CARTESIAN_POINT('',(-4.93866246699708,4.6,4.93203789644511));
#2163=CARTESIAN_POINT('',(107.2,4.59999999999997,4.9320378964451));
#2164=CARTESIAN_POINT('',(-2.16906673624781,20.6142015794198,2.10830208348929));
#2165=CARTESIAN_POINT('Origin',(-7.89687294063688,3.06073647874181,-169.966811431786));
#2166=CARTESIAN_POINT('',(-5.11551181822079,4.6,-6.57566634411295));
#2167=CARTESIAN_POINT('',(-6.92530673956264,4.6,-124.340218754153));
#2168=CARTESIAN_POINT('',(-6.13275676322212,-1.14712966103829,-7.0784750372674));
#2169=CARTESIAN_POINT('Origin',(2.00000000000039,11.041757289546,-6.01208560809223));
#2170=CARTESIAN_POINT('',(-2.1663637558853,4.6,-6.57566634411298));
#2171=CARTESIAN_POINT('',(111.,4.59999999999996,-6.57566634411299));
#2172=CARTESIAN_POINT('',(1.51870313297061,8.2710440967917,-6.25449160233994));
#2173=CARTESIAN_POINT('Origin',(-0.112593734059171,13.3125075294105,-82.5957147904912));
#2174=CARTESIAN_POINT('',(-5.74684775045894,4.6,-47.6571129785615));
#2175=CARTESIAN_POINT('',(-7.87909921412783,4.59999999999999,-72.1219548403582));
#2176=CARTESIAN_POINT('',(-5.74684775045893,11.4537146192355,-125.995429544623));
#2177=CARTESIAN_POINT('Origin',(-7.89687294063688,3.06073647874181,-169.966811431786));
#2178=CARTESIAN_POINT('',(-7.65793226362422,4.6,-172.01264611477));
#2179=CARTESIAN_POINT('',(-6.92530673956264,4.6,-124.340218754153));
#2180=CARTESIAN_POINT('',(-7.89205212015947,3.28741719325069,-172.244089878014));
#2181=CARTESIAN_POINT('Origin',(-5.6,2.72216291573277,-172.343759458101));
#2182=CARTESIAN_POINT('',(447.657932263624,4.59999999999986,-172.01264611477));
#2183=CARTESIAN_POINT('',(107.2,4.59999999999997,-172.01264611477));
#2184=CARTESIAN_POINT('',(438.521937663559,55.8205569064781,-162.981079965244));
#2185=CARTESIAN_POINT('Origin',(445.239687865961,2.82914753994042,5.58505234660928));
#2186=CARTESIAN_POINT('',(445.746847750459,4.59999999999986,-47.6571129785484));
#2187=CARTESIAN_POINT('',(445.576379011139,4.59999999999986,-36.564599374321));
#2188=CARTESIAN_POINT('',(445.746847750459,3.83176972235911,-38.8762007245496));
#2189=CARTESIAN_POINT('Origin',(440.11259373406,13.3125075294106,-82.5957147904912));
#2190=CARTESIAN_POINT('',(442.166363755886,4.59999999999986,-6.57566634411299));
#2191=CARTESIAN_POINT('',(447.879099214129,4.59999999999986,-72.1219548403582));
#2192=CARTESIAN_POINT('',(439.975126222276,6.78289921324216,-6.38468740933463));
#2193=CARTESIAN_POINT('Origin',(443.975317420983,11.041757289546,-6.01208560809223));
#2194=CARTESIAN_POINT('',(445.115511818221,4.59999999999986,-6.57566634411299));
#2195=CARTESIAN_POINT('',(331.987658710492,4.59999999999989,-6.57566634411299));
#2196=CARTESIAN_POINT('',(444.607502643472,7.47009988167222,-6.32456514127957));
#2197=CARTESIAN_POINT('Origin',(445.239687865961,2.82914753994042,5.58505234660928));
#2198=CARTESIAN_POINT('',(444.938662466997,4.59999999999986,4.93203789644511));
#2199=CARTESIAN_POINT('',(445.576379011139,4.59999999999986,-36.564599374321));
#2200=CARTESIAN_POINT('',(438.313499003734,42.9076497480756,-1.82263432167046));
#2201=CARTESIAN_POINT('Origin',(-5.6,9.74799435467834,4.02430759518045));
#2202=CARTESIAN_POINT('',(413.975317420983,4.59999999999987,4.9320378964451));
#2203=CARTESIAN_POINT('',(107.2,4.59999999999997,4.9320378964451));
#2204=CARTESIAN_POINT('',(413.975317420983,8.86515817942508,4.17997543242305));
#2205=CARTESIAN_POINT('Origin',(413.975317420983,10.7059799622404,-2.17413319490803));
#2206=CARTESIAN_POINT('',(413.975317420983,4.59999999999987,-42.1800978937385));
#2207=CARTESIAN_POINT('Origin',(16.0246825790178,10.1701998620695,3.94986137282373));
#2208=CARTESIAN_POINT('',(16.0246825790178,4.59999999999999,-39.1181006098726));
#2209=CARTESIAN_POINT('Origin',(220.,4.59999999999993,-82.186062592569));
#2210=UNCERTAINTY_MEASURE_WITH_UNIT(LENGTH_MEASURE(0.01),#2214,
'DISTANCE_ACCURACY_VALUE',
'Maximum model space distance between geometric entities at asserted c
onnectivities');
#2211=UNCERTAINTY_MEASURE_WITH_UNIT(LENGTH_MEASURE(0.01),#2214,
'DISTANCE_ACCURACY_VALUE',
'Maximum model space distance between geometric entities at asserted c
onnectivities');
#2212=(
GEOMETRIC_REPRESENTATION_CONTEXT(3)
GLOBAL_UNCERTAINTY_ASSIGNED_CONTEXT((#2210))
GLOBAL_UNIT_ASSIGNED_CONTEXT((#2214,#2216,#2217))
REPRESENTATION_CONTEXT('','3D')
);
#2213=(
GEOMETRIC_REPRESENTATION_CONTEXT(3)
GLOBAL_UNCERTAINTY_ASSIGNED_CONTEXT((#2211))
GLOBAL_UNIT_ASSIGNED_CONTEXT((#2214,#2216,#2217))
REPRESENTATION_CONTEXT('','3D')
);
#2214=(
LENGTH_UNIT()
NAMED_UNIT(*)
SI_UNIT(.MILLI.,.METRE.)
);
#2215=(
LENGTH_UNIT()
NAMED_UNIT(*)
SI_UNIT($,.METRE.)
);
#2216=(
NAMED_UNIT(*)
PLANE_ANGLE_UNIT()
SI_UNIT($,.RADIAN.)
);
#2217=(
NAMED_UNIT(*)
SI_UNIT($,.STERADIAN.)
SOLID_ANGLE_UNIT()
);
#2218=SHAPE_DEFINITION_REPRESENTATION(#2219,#2220);
#2219=PRODUCT_DEFINITION_SHAPE('',$,#2222);
#2220=SHAPE_REPRESENTATION('',(#1361),#2212);
#2221=PRODUCT_DEFINITION_CONTEXT('part definition',#2226,'design');
#2222=PRODUCT_DEFINITION('2026-08-18-11-32-56-907','shell_bottom',#2223,
#2221);
#2223=PRODUCT_DEFINITION_FORMATION('',$,#2228);
#2224=PRODUCT_RELATED_PRODUCT_CATEGORY('shell_bottom','shell_bottom',(#2228));
#2225=APPLICATION_PROTOCOL_DEFINITION('international standard',
'automotive_design',2009,#2226);
#2226=APPLICATION_CONTEXT(
'Core Data for Automotive Mechanical Design Process');
#2227=PRODUCT_CONTEXT('part definition',#2226,'mechanical');
#2228=PRODUCT('2026-08-18-11-32-56-907','shell_bottom',$,(#2227));
#2229=PRESENTATION_STYLE_ASSIGNMENT((#2230));
#2230=SURFACE_STYLE_USAGE(.BOTH.,#2231);
#2231=SURFACE_SIDE_STYLE('',(#2232));
#2232=SURFACE_STYLE_FILL_AREA(#2233);
#2233=FILL_AREA_STYLE('Steel - Satin',(#2234));
#2234=FILL_AREA_STYLE_COLOUR('Steel - Satin',#2235);
#2235=COLOUR_RGB('Steel - Satin',0.627450980392157,0.627450980392157,0.627450980392157);
ENDSEC;
END-ISO-10303-21;
